ClonotypeID,aaSeqCDR3,Frequency,Proportion
1,TRB:CSARGVLGDRGYNEQFF,1323,6.4%
2,TRA:CALGGGGFKTIF,798,3.86%
3,TRB:CASTSIGRSYNEQFF,766,3.71%
4,TRB:CASSTIGSRDTQYF,543,2.63%
5,TRB:CASSNINTEAFF,461,2.23%
6,TRA:CAENYGGSQGNLIF,342,1.65%
7,TRA:CAASLLTDKLIF,285,1.38%
8,TRA:CAMREPILGRLYF,284,1.37%
9,TRB:CASSSSNSPLHF,261,1.26%
10,TRB:CASSARTAGREKLFF,243,1.18%
11,TRB:CASSLVGNTGTTGELFF,240,1.16%
12,TRB:CSVEMDRQETQYF,205,0.99%
13,TRB:CASSASGRLSF,201,0.97%
14,TRB:CAWKGRREDGTGELFF,190,0.92%
15,TRB:CSVEHGDTQYF,152,0.74%
16,TRB:CASSGQGDTGELFF,135,0.65%
17,TRA:CAAMDSNYQLIW,129,0.62%
18,TRB:CASSQGTGGTEQFF,101,0.49%
19,TRB:CASSASGELFF,100,0.48%
20,TRA:CALKGSASKIIF,96,0.46%
21,TRA:CAVRYTGNQFYF,94,0.45%
22,TRB:CASSESSTMAFF,91,0.44%
23,TRA:CAASYRISQGNLIF,88,0.43%
24,TRA:CAVTPAGFQKLVF,79,0.38%
25,TRA:CAASEGRDDKIIF,78,0.38%
26,TRA:CAVEPQNTGNQFYF,77,0.37%
27,TRA:CATVYGGATNKLIF,77,0.37%
28,TRA:CAAKGSGNQFYF,70,0.34%
29,TRB:CASSPLIGTDTQYF,69,0.33%
30,TRB:CASSVAGQVADTQYF,68,0.33%
31,TRB:CASSAGTGRGETQYF,68,0.33%
32,TRB:CASSRNDRAYGYTF,67,0.32%
33,TRB:CASSGDREAGELFF,65,0.31%
34,TRB:CASGQDISYEQYF,63,0.3%
35,TRB:CASSLSSGLYQETQYF,62,0.3%
36,TRA:CAAYMIYNQGGKLIF,62,0.3%
37,TRB:CASSSGTPAVSSYEQYF,61,0.3%
38,TRB:CASSFAGLPYEQYF,60,0.29%
39,TRA:CAVLKAAGNKLTF,60,0.29%
40,TRA:CAFDRGSTLGRLYF,60,0.29%
41,TRB:CASSDPSGPSVGNEQFF,59,0.29%
42,TRB:CASSPDRGPGELFF,59,0.29%
43,TRA:CAVHPGTGNQFYF,57,0.28%
44,TRB:CASSYGLAGTYEQYF,56,0.27%
45,TRB:CASSYSQGDKNIQYF,54,0.26%
46,TRB:CSARTGGFNQPQHF,50,0.24%
47,TRA:CAVGPSNDYKLSF,50,0.24%
48,TRB:CSVKGGRLSPGANVLTF,50,0.24%
49,TRB:CASSPTVNTDTQYF,49,0.24%
50,TRB:CASSVAGGEQFF,49,0.24%
51,TRA:CALSDKSWAGTALIF,47,0.23%
52,TRB:CASSQQGDPYEQYF,47,0.23%
53,TRB:CASSPRETGLYGYTF,47,0.23%
54,TRB:CASSPGQSPHNEQFF,47,0.23%
55,TRA:CAEKRKAGGSYIPTF,47,0.23%
56,TRB:CSARDSGRGADTQYF,46,0.22%
57,TRA:CSLGAGGTSYGKLTF,46,0.22%
58,TRA:CAVVDSNYQLIW,46,0.22%
59,TRA:CAGETGGFKTIF,45,0.22%
60,TRA:CAEALNDYKLSF,45,0.22%
61,TRA:CAMSSGTYKYIF,45,0.22%
62,TRB:CASSLDAGSIYEQYF,44,0.21%
63,TRA:CARGGKLIF,44,0.21%
64,TRB:CASSLVVPGLNTEAFF,44,0.21%
65,TRB:CSDIVGTGRSYNEQFF,44,0.21%
66,TRB:CASSREADEQFF,44,0.21%
67,TRB:CAISEPTSQFYNEQFF,43,0.21%
68,TRB:CSAREGTGRPGELFF,43,0.21%
69,TRA:CILRDEGGGADGLTF,43,0.21%
70,TRA:CAVNMESGNQFYF,43,0.21%
71,TRB:CASSLYENTEAFF,42,0.2%
72,TRB:CASSTTPGQSSYEQYF,42,0.2%
73,TRB:CASSTGEDQPQHF,42,0.2%
74,TRA:CAMRFRGSTLGRLYF,42,0.2%
75,TRA:CVVRVDSNYQLIW,42,0.2%
76,TRA:CAARGNTGNQFYF,40,0.19%
77,TRA:CAASTADNAGNMLTF,40,0.19%
78,TRA:CAHVDSNYQLIW,40,0.19%
79,TRA:CALSDRSDMRF,39,0.19%
80,TRB:CASSVTGENTEAFF,39,0.19%
81,TRB:CASMSLAIYNEQFF,38,0.18%
82,TRA:CAVRGPGNQFYF,38,0.18%
83,TRB:CASSSGYSADF,38,0.18%
84,TRA:CAASMEWGGSEKLVF,36,0.17%
85,TRB:CASTPYGRASHNEQFF,36,0.17%
86,TRA:CAGLTQGGSEKLVF,36,0.17%
87,TRB:CASSFIPGENTEAFF,36,0.17%
88,TRA:CAENSDTGRRALTF,36,0.17%
89,TRB:CASSLESGSRGAQYF,36,0.17%
90,TRB:CASRPGTANTGELFF,35,0.17%
91,TRB:CASRPGVQGEVTDTQYF,35,0.17%
92,TRB:CASSYLGQNTEAFF,35,0.17%
93,TRB:CASSQWENEQFF,35,0.17%
94,TRB:CASSLKGLAGNEQFF,34,0.16%
95,TRB:CASSFVANFDEQFF,34,0.16%
96,TRB:CASSYKVGETQYF,34,0.16%
97,TRB:CASSPQGNMNTEAFF,34,0.16%
98,TRB:CASSSSGGQGEGAFF,33,0.16%
99,TRA:CAVRGTGNQFYF,33,0.16%
100,TRA:CALPFSGGSYIPTF,33,0.16%
101,TRB:CASSQVFGQAYEQYF,33,0.16%
102,TRB:CASSSGQFNYEQYF,33,0.16%
103,TRB:CASSQDRTGRVLGYTF,32,0.15%
104,TRB:CAISFGTGVGGETQYF,32,0.15%
105,TRB:CASSSTGRVPEQYF,32,0.15%
106,TRB:CASSSRTPSAGEGADTQYF,31,0.15%
107,TRA:CAVRERDYKLSF,31,0.15%
108,TRB:CASSLDRGGQPQHF,31,0.15%
109,TRA:CAGDPNNDMRF,30,0.15%
110,TRB:CASSTGYSPLHF,30,0.15%
111,TRB:CASSPYTSYNSPLHF,30,0.15%
112,TRB:CASSTYRGGTDTQYF,30,0.15%
113,TRA:CASFSGGYNKLIF,30,0.15%
114,TRB:CASSLLAANTGELFF,30,0.15%
115,TRA:CIVRYAGGTSYGKLTF,30,0.15%
116,TRB:CATSDFGRGGTDTQYF,29,0.14%
117,TRB:CSASQGSGNQPQHF,29,0.14%
118,TRA:CAVNPNQFYF,29,0.14%
119,TRB:CASSFPTVDTQYF,29,0.14%
120,TRA:CAVEDGKLIF,29,0.14%
121,TRB:CASSPRMTSGLHEQYF,29,0.14%
122,TRB:CASRGSYEQYF,29,0.14%
123,TRA:CATVGGGADGLTF,29,0.14%
124,TRA:CALNRPAGQNFVF,28,0.14%
125,TRB:CASSYSSGGTGEQYF,28,0.14%
126,TRA:CAVRGYTGNQFYF,28,0.14%
127,TRA:CAGRAGRRALTF,28,0.14%
128,TRA:CAVNRVEGYSTLTF,28,0.14%
129,TRA:CAASLEGYSTLTF,28,0.14%
130,TRA:CAETGAGRRALTF,28,0.14%
131,TRB:CASSEALGGTDTQYF,28,0.14%
132,TRA:CVVSDSGGYSTLTF,27,0.13%
133,TRB:CASSQGWSEQYF,27,0.13%
134,TRA:CLVGDRANDYKLSF,27,0.13%
135,TRB:CSVEGQGASGYTF,27,0.13%
136,TRB:CASSLGGSRSYEQYF,27,0.13%
137,TRB:CASSQSSGLAKTGELFF,27,0.13%
138,TRB:CASRGRGETDTQYF,27,0.13%
139,TRB:CATGTSGRASYEQYF,27,0.13%
140,TRB:CASSRYREGNTEAFF,27,0.13%
141,TRB:CASSLTGFNDNEQFF,27,0.13%
142,TRB:CASSPRPPQETQYF,27,0.13%
143,TRA:CASKYSGAGSYQLTF,26,0.13%
144,TRB:CASSAQQTGELFF,26,0.13%
145,TRA:CALRGTSKLTF,26,0.13%
146,TRA:CAVNNNNDMRF,26,0.13%
147,TRB:CASSSGFPANTEAFF,26,0.13%
148,TRB:CASSGSGGFGTEAFF,26,0.13%
149,TRB:CASSFRSYSYNEQFF,26,0.13%
150,TRA:CAVAPESYQLTF,26,0.13%
151,TRB:CASSQRQVSPYEQYF,26,0.13%
152,TRB:CASSWGQAPPTDTQYF,26,0.13%
153,TRA:CAASKHTGNQFYF,25,0.12%
154,TRB:CASSTRLSTLGGPDTQYF,25,0.12%
155,TRA:CACTDNYGQNFVF,25,0.12%
156,TRB:CASSLAWGNEQFF,25,0.12%
157,TRA:CAVRGRDDKIIF,25,0.12%
158,TRA:CAMRLMDSNYQLIW,25,0.12%
159,TRA:CAASTSTGANSKLTF,25,0.12%
160,TRA:CAAKDTGFQKLVF,25,0.12%
161,TRB:CSVEVSGQGHYEQYF,24,0.12%
162,TRA:CATSVSYIPTF,24,0.12%
163,TRB:CSVGRTASSYEQYF,24,0.12%
164,TRB:CASSSPNSPLHF,24,0.12%
165,TRA:CAMIDYKLSF,24,0.12%
166,TRB:CASTVTGRAYEQYF,24,0.12%
167,TRA:CAVIVGSNDYKLSF,24,0.12%
168,TRB:CASSSLLHEQYF,24,0.12%
169,TRB:CASSPRASGANVLTF,24,0.12%
170,TRA:CALSDQGDSSYKLIF,24,0.12%
171,TRA:CAVRAMMDSNYQLIW,24,0.12%
172,TRA:CALSDARRTGRRALTF,24,0.12%
173,TRB:CASSLNTGELFF,24,0.12%
174,TRB:CASSPGDRNDIQYF,24,0.12%
175,TRA:CAYRNAFQGGSEKLVF,24,0.12%
176,TRA:CIVSRKTGANNLFF,23,0.11%
177,TRA:CAMSADAGKSTF,23,0.11%
178,TRB:CASSPEFRSWKQYF,23,0.11%
179,TRB:CASRPGPGVSPLHF,23,0.11%
180,TRB:CASSLVGGDTEAFF,23,0.11%
181,TRA:CAMSNSGGSNYKLTF,23,0.11%
182,TRB:CASSWDRGDYGYTF,23,0.11%
183,TRA:CVVRRLRTGGSYIPTF,23,0.11%
184,TRA:CLVGDIAAGNKLTF,23,0.11%
185,TRA:CVVSARDSSASKIIF,23,0.11%
186,TRB:CASSLRGNQPQHF,23,0.11%
187,TRA:CAVRYGSSNTGKLIF,23,0.11%
188,TRB:CSASSGRNQPQHF,23,0.11%
189,TRB:CATSRDREGPEANVLTF,23,0.11%
190,TRB:CASWRMDTQYF,23,0.11%
191,TRA:CIVRGDTNAGKSTF,23,0.11%
192,TRB:CASSMGLVGEQFF,23,0.11%
193,TRB:CASSTGTSAFTDTQYF,23,0.11%
194,TRA:CVVSPKGAGSYQLTF,23,0.11%
195,TRB:CASSPSPLADTDTQYF,22,0.11%
196,TRB:CASSIVAGGMDTQYF,22,0.11%
197,TRB:CASSLFGANTEAFF,22,0.11%
198,TRB:CASSPLPLAGGWDEQFF,22,0.11%
199,TRA:CAVRGSPGNLIF,22,0.11%
200,TRA:CAESASSGYSTLTF,22,0.11%
201,TRA:CAYRFPLKTEKLVF,22,0.11%
202,TRA:CAVEDQTGANNLFF,22,0.11%
203,TRA:CVVSDRGSTLGRLYF,22,0.11%
204,TRA:CAENIYSGGGADGLTF,22,0.11%
205,TRB:CASSGGLPKEEQYF,22,0.11%
206,TRA:CAEGGATNKLIF,22,0.11%
207,TRB:CASSLSGALGAKNIQYF,22,0.11%
208,TRB:CASSHGQGATNEKLFF,22,0.11%
209,TRB:CASSPREAVGYTF,22,0.11%
210,TRA:CGTEANFGNEKLTF,22,0.11%
211,TRA:CAVGLQTGGFKTIF,22,0.11%
212,TRA:CAAPKIKAAGNKLTF,22,0.11%
213,TRB:CSAKALGTSGTKNIQYF,22,0.11%
214,TRB:CASSPRLALGSEQYF,22,0.11%
215,TRB:CASSSGTEGTQYF,22,0.11%
216,TRB:CASSYRGSNQPQHF,22,0.11%
217,TRA:CAVRDSGFGNVLHC,21,0.1%
218,TRB:CSARDLIRAEKLFF,21,0.1%
219,TRB:CASSLRHETNEKLFF,21,0.1%
220,TRA:CALDKGEANNLFF,21,0.1%
221,TRB:CASSFGTGWSSTNEKLFF,21,0.1%
222,TRB:CASSLFAGRGPDTQYF,21,0.1%
223,TRB:CASSPELAGGDEQFF,21,0.1%
224,TRB:CSVESGGGYGYTF,21,0.1%
225,TRA:CAASRGAGGTSYGKLTF,21,0.1%
226,TRB:CASSQGRGLYEQYF,21,0.1%
227,TRA:CATPNQAGTALIF,21,0.1%
228,TRA:CALSDRTNAGKSTF,21,0.1%
229,TRB:CASSAGQGSNQPQHF,21,0.1%
230,TRB:CSAITGGRQPQHF,20,0.1%
231,TRA:CAVGAPNNNDMRF,20,0.1%
232,TRB:CATSDTGWSNEQFF,20,0.1%
233,TRA:CVVSPSYIPTF,20,0.1%
234,TRA:CAVDPKGNNDMRF,20,0.1%
235,TRB:CASSLTNYEQFF,20,0.1%
236,TRB:CASSLEALSSYEQYF,20,0.1%
237,TRB:CASSLGSGDTDTQYF,20,0.1%
238,TRB:CASSLEEDTQYF,20,0.1%
239,TRB:CASGTSDTGELFF,20,0.1%
240,TRB:CASSLGQDYEQYF,20,0.1%
241,TRB:CASSSPGFYEQYF,20,0.1%
242,TRB:CASSQDRTGGGPYNEQFF,20,0.1%
243,TRA:CAARATGRRALTF,20,0.1%
244,TRA:CALLLGNQGGKLIF,20,0.1%
245,TRB:CASSPPRTNTGELFF,20,0.1%
246,TRB:CASSDSRQGNTEAFF,20,0.1%
247,TRB:CASSFGPYSPYNEQFF,20,0.1%
248,TRA:CAGGGSEKLVF,20,0.1%
249,TRB:CASSQENPVIADTQYF,20,0.1%
250,TRB:CASSPLESVPRTEAFF,20,0.1%
251,TRB:CSLTSGRAQDEQFF,19,0.09%
252,TRB:CSARLAGGQETQYF,19,0.09%
253,TRB:CSARVPWKGETQYF,19,0.09%
254,TRB:CASSLQTGTDTQYF,19,0.09%
255,TRB:CAISHTGGRPEAFF,19,0.09%
256,TRB:CASSLEDSLNSPLHF,19,0.09%
257,TRB:CASRLGGSKNIQYF,19,0.09%
258,TRB:CASSPGVGRTNTGELFF,19,0.09%
259,TRB:CSVAGLAGYGSSYEQYF,19,0.09%
260,TRB:CASSFEGQRYEQYF,19,0.09%
261,TRB:CASSLLDRSTGELFF,19,0.09%
262,TRB:CASSLETMRPDTQYF,19,0.09%
263,TRA:CVVNNYSGGYQKVTF,19,0.09%
264,TRB:CASSFQQGVGTQYF,19,0.09%
265,TRB:CASSLGREYSEQYF,19,0.09%
266,TRB:CASTTSGSDTGELFF,19,0.09%
267,TRA:CAVRRHASGGSYIPTF,19,0.09%
268,TRB:CASSEARTAGNTIYF,19,0.09%
269,TRB:CASSVEHSTDTQYF,19,0.09%
270,TRA:CASQSGGSYIPTF,19,0.09%
271,TRB:CASSLVGTATEAFF,19,0.09%
272,TRB:CASRGGWSYNEQFF,19,0.09%
273,TRB:CASSFLPTYEQYF,18,0.09%
274,TRB:CASSLSPGWDSNNQFF,18,0.09%
275,TRA:CAASENNAGNMLTF,18,0.09%
276,TRB:CASSPREGDADTQYF,18,0.09%
277,TRB:CASSHGLAGNPGELFF,18,0.09%
278,TRA:CAMKWGGGADGLTF,18,0.09%
279,TRA:CIVRVANRAAGNKLTF,18,0.09%
280,TRB:CASSPTSTLAGELFF,18,0.09%
281,TRB:CSVEGPNRGMQETQYF,18,0.09%
282,TRB:CASSPTGENSPLHF,18,0.09%
283,TRA:CAMREAPGGGGNKLTF,18,0.09%
284,TRB:CASSPQGHSSGANVLTF,18,0.09%
285,TRB:CSARGGGIGYEQYF,18,0.09%
286,TRA:CAENGVWYAGQNFVF,18,0.09%
287,TRA:CAEATSGTYKYIF,18,0.09%
288,TRB:CASSRTTGGREKLFF,18,0.09%
289,TRA:CANNTGNQFYF,18,0.09%
290,TRB:CASSQGTSGLSSYEQYF,18,0.09%
291,TRA:CLVLKTGGGNKLTF,18,0.09%
292,TRB:CASSLAGTAETQYF,18,0.09%
293,TRB:CASSLGPGNGAFF,18,0.09%
294,TRA:CAVSDRGNTGGFKTIF,18,0.09%
295,TRB:CASSLPGLAGVNEQFF,18,0.09%
296,TRA:CAVRLSSWGKFQF,18,0.09%
297,TRA:CAVRFTGNQFYF,18,0.09%
298,TRA:CAGEDTDKLIF,17,0.08%
299,TRB:CASSPLGGTGSTGELFF,17,0.08%
300,TRB:CASSPLAGGIDTQYF,17,0.08%
301,TRB:CASSFSRPGEQFF,17,0.08%
302,TRA:CAVRPITGNQFYF,17,0.08%
303,TRB:CASSSGDSAYEQYF,17,0.08%
304,TRA:CAVRDIGNSGGYQKVTF,17,0.08%
305,TRA:CAVRERGGADGLTF,17,0.08%
306,TRB:CASSFSASTDTQYF,17,0.08%
307,TRA:CAASNTGNQFYF,17,0.08%
308,TRB:CAISGLADAYEQYF,17,0.08%
309,TRA:CAASNGPNYGQNFVF,17,0.08%
310,TRB:CSVEDPGRAGEQYF,17,0.08%
311,TRB:CASSQDRGTGNTIYF,17,0.08%
312,TRA:CAASLGGYQKVTF,17,0.08%
313,TRA:CAYRSFYTGANSKLTF,17,0.08%
314,TRA:CALSDSNYQLIW,17,0.08%
315,TRB:CSARDWNSVPTDTQYF,17,0.08%
316,TRB:CSVRGSDTGELFF,17,0.08%
317,TRB:CASSPRDRSYNEQFF,17,0.08%
318,TRB:CASSLVARSGNTIYF,17,0.08%
319,TRA:CLVGAVNTGGFKTIF,17,0.08%
320,TRA:CAVHGSGGSNYKLTF,16,0.08%
321,TRB:CASSLYPGASSSGANVLTF,16,0.08%
322,TRB:CASSFHLLAGGPGEQFF,16,0.08%
323,TRB:CSARAVAGVPEQYF,16,0.08%
324,TRB:CSARAEIDIEQFF,16,0.08%
325,TRB:CASSPEGTGSYEQYF,16,0.08%
326,TRB:CASSLRGAREKLFF,16,0.08%
327,TRB:CSVDAGNYGYTF,16,0.08%
328,TRB:CASSVDAGNYEQYF,16,0.08%
329,TRB:CASSPGQATYEQYF,16,0.08%
330,TRB:CASLEGGWPEAFF,16,0.08%
331,TRB:CASSPGGESYEQYF,16,0.08%
332,TRB:CASSQTSGRMGETQYF,16,0.08%
333,TRB:CASQSTGIAGNTIYF,16,0.08%
334,TRB:CASSEKFWGELFF,16,0.08%
335,TRB:CASSLFRGSGNQPQHF,16,0.08%
336,TRB:CASSLAGTGETQYF,16,0.08%
337,TRB:CASTAIQGAREKLFF,16,0.08%
338,TRB:CASSTRGADRSPPDTQYF,16,0.08%
339,TRB:CASSAPDGYTF,16,0.08%
340,TRB:CASSSSTEAFF,16,0.08%
341,TRA:CAMREDNTGKLIF,15,0.07%
342,TRA:CVVTSAGGSYIPTF,15,0.07%
343,TRB:CAWALGLAGPYEQYF,15,0.07%
344,TRA:CLVGEALYNNNDMRF,15,0.07%
345,TRB:CASSSNTEAFF,15,0.07%
346,TRB:CSARGESSNQPQHF,15,0.07%
347,TRB:CASSLMGGPNTEAFF,15,0.07%
348,TRB:CASSYSTGAYEQYF,15,0.07%
349,TRB:CASSVLAGGRDEQYF,15,0.07%
350,TRB:CASSPRSAGGPGGNIQYF,15,0.07%
351,TRB:CSALGTGNTIYF,15,0.07%
352,TRB:CASRPRGGSYLEAFF,15,0.07%
353,TRB:CASSSVGRGNARYEQYF,15,0.07%
354,TRB:CASFPGFNEQFF,15,0.07%
355,TRB:CASSLQGTGSYEQYF,15,0.07%
356,TRA:CIVRVANTNAGKSTF,15,0.07%
357,TRB:CASSYGLESWGYEQYF,15,0.07%
358,TRB:CASSLSAEQETQYF,15,0.07%
359,TRB:CASSRTGTSGRLALSTDTQYF,15,0.07%
360,TRB:CASSVGPNNSPLHF,15,0.07%
361,TRB:CSASRGGSKTDTQYF,15,0.07%
362,TRA:CAYRSGGSQGNLIF,15,0.07%
363,TRB:CASRPGTGSTGELFF,15,0.07%
364,TRB:CSARRTGGNEQYF,15,0.07%
365,TRB:CASSLYPGEADTQYF,15,0.07%
366,TRB:CASSWDSSYNSPLHF,15,0.07%
367,TRB:CASSLRGRQPQHF,15,0.07%
368,TRB:CASSYQGNEQFF,15,0.07%
369,TRB:CASREGGKRETGELFF,15,0.07%
370,TRA:CAVGSSNTGKLIF,15,0.07%
371,TRB:CASSRTGTGANVLTF,15,0.07%
372,TRB:CASSLRGGMGGETEAFF,15,0.07%
373,TRB:CASSPTGSSYNEQFF,15,0.07%
374,TRA:CAAKGGNEKLTF,14,0.07%
375,TRB:CASTFGGSEETQYF,14,0.07%
376,TRB:CATSPISGNYGYTF,14,0.07%
377,TRB:CASSLMGQGGSVEQFF,14,0.07%
378,TRB:CASSQVSGRGTQYF,14,0.07%
379,TRB:CASSLGSSYEQYF,14,0.07%
380,TRB:CATSDRTSGFTDTQYF,14,0.07%
381,TRA:CASYQTGANNLFF,14,0.07%
382,TRA:CVVSPRSSASKIIF,14,0.07%
383,TRB:CSVPGLGYNEQFF,14,0.07%
384,TRB:CASSSKGLTQYF,14,0.07%
385,TRB:CSARDVTGYAGPQHF,14,0.07%
386,TRB:CASSYTWTPGDTGELFF,14,0.07%
387,TRB:CASSLPGYSNQPQHF,14,0.07%
388,TRB:CASSVRTGGIGEQFF,14,0.07%
389,TRA:CAMRDPSGGYNKLIF,14,0.07%
390,TRB:CASSADRGSNQPQHF,14,0.07%
391,TRB:CASSAGTAVMETQYF,14,0.07%
392,TRA:CALTPPGAGSYQLTF,14,0.07%
393,TRA:CALNRDDKIIF,14,0.07%
394,TRB:CASSLRRQEEAFF,14,0.07%
395,TRB:CASSLRQGRELFF,14,0.07%
396,TRB:CASSDGNIQYF,14,0.07%
397,TRB:CSARATLAKNIQYF,14,0.07%
398,TRB:CASSRSGGSYEQYF,13,0.06%
399,TRB:CASSSGLKEPQHF,13,0.06%
400,TRA:CIATDSNYQLIW,13,0.06%
401,TRB:CASSYDQGTEAFF,13,0.06%
402,TRB:CASSPTRMGVGYTF,13,0.06%
403,TRB:CATFLGLAYNEQFF,13,0.06%
404,TRB:CASRMGTSSNQPQHF,13,0.06%
405,TRB:CASSPSPGTGRNIQYF,13,0.06%
406,TRB:CASSPDTRTYNEQFF,13,0.06%
407,TRB:CSARRDRGIDEQFF,13,0.06%
408,TRB:CASGTGYPQHF,13,0.06%
409,TRA:CAMRANFPGGTSYGKLTF,13,0.06%
410,TRA:CASIGEYGNKLVF,13,0.06%
411,TRB:CASRVPLLAGPYNEQFF,13,0.06%
412,TRA:CAVADDYKLSF,13,0.06%
413,TRB:CASSLGGVAGVEQFF,13,0.06%
414,TRA:CGSGGSNYKLTF,13,0.06%
415,TRB:CASSLWTGGLIREQYF,13,0.06%
416,TRB:CASSPRQGGNTGELFF,13,0.06%
417,TRA:CAMREGDNAGNMLTF,13,0.06%
418,TRB:CASRRDGSYEQYF,13,0.06%
419,TRB:CASSLAGISYNEQFF,13,0.06%
420,TRB:CASSQETSGRKGEQFF,13,0.06%
421,TRA:CAVSPTGGFKTIF,13,0.06%
422,TRA:CAESIRQQAGTALIF,13,0.06%
423,TRB:CASSFGGLAGGTKQYF,13,0.06%
424,TRB:CASNRQGSSEQYF,12,0.06%
425,TRB:CASNGRTDSYEQYF,12,0.06%
426,TRA:CAASIGGFQKLVF,12,0.06%
427,TRA:CVVTALSKLSF,12,0.06%
428,TRB:CASGGIPSGANVLTF,12,0.06%
429,TRB:CASIKGQTGELFF,12,0.06%
430,TRB:CASSRSMARGYGYTF,12,0.06%
431,TRB:CASSRDTSGGFTDTQYF,12,0.06%
432,TRB:CASSLGLAGYSYNEQFF,12,0.06%
433,TRB:CASSLGGGNTGELFF,12,0.06%
434,TRB:CASSPGQGTEQYF,12,0.06%
435,TRB:CAWSVTSYGYTF,12,0.06%
436,TRB:CATRPGGNNQPQHF,12,0.06%
437,TRA:CAVSGRGGSYIPTF,12,0.06%
438,TRB:CASTGYNEQFF,12,0.06%
439,TRB:CASSGLAGGGDEQFF,12,0.06%
440,TRB:CASSPPEGKNIQYF,12,0.06%
441,TRB:CASSGGNTEAFF,12,0.06%
442,TRA:CAVQSGTSGTYKYIF,12,0.06%
443,TRA:CAVQAWVRTGANNLFF,12,0.06%
444,TRB:CASSRTSGSMYEQFF,12,0.06%
445,TRB:CASSQGEVSYF,12,0.06%
446,TRB:CASSPPTGGYEQYF,12,0.06%
447,TRB:CASSRDEGRAGNTIYF,12,0.06%
448,TRA:CAGRREDYKLSF,12,0.06%
449,TRB:CSATSGRDTQYF,12,0.06%
450,TRA:CVVSGGYNKLIF,12,0.06%
451,TRB:CASSEPSEVATCPFF,12,0.06%
452,TRB:CASSSGLDLNNEQFF,12,0.06%
453,TRA:CAVNPNTGNQFYF,12,0.06%
454,TRB:CASRNHGRKGWNEQFF,12,0.06%
455,TRB:CASSLRDPYEQYF,12,0.06%
456,TRB:CASSSVPDTQYF,11,0.05%
457,TRB:CASSRRTSGYNEQFF,11,0.05%
458,TRB:CASTEGHLAKNIQYF,11,0.05%
459,TRB:CASRPNRGEGQPQHF,11,0.05%
460,TRB:CASSEAPGAGTEAFF,11,0.05%
461,TRB:CASSSGQVTDTGELFF,11,0.05%
462,TRB:CASSLEASSTDTQYF,11,0.05%
463,TRB:CASTLLPSRVRQPQHF,11,0.05%
464,TRB:CASSEGISGANVLTF,11,0.05%
465,TRB:CASSFKGQGADNEQFF,11,0.05%
466,TRB:CAISDQGEPTDTQYF,11,0.05%
467,TRB:CASSDGQIQETQYF,11,0.05%
468,TRB:CASSLADSYNEQFF,11,0.05%
469,TRB:CASSEGTEQETQYF,11,0.05%
470,TRB:CASSFRGGDGYTF,11,0.05%
471,TRB:CASSLSAGVSYEQYF,11,0.05%
472,TRA:CAATPSNTGKLIF,11,0.05%
473,TRB:CASSQDGLAGGYEQYF,11,0.05%
474,TRA:CAVRVGGTSYGKLTF,11,0.05%
475,TRB:CSARTSGRETQYF,11,0.05%
476,TRA:CAVSPTDKLIF,11,0.05%
477,TRA:CAVSSGSSNTGKLIF,11,0.05%
478,TRB:CSARQGAGGYTF,11,0.05%
479,TRB:CAWSWPASYEQYF,11,0.05%
480,TRB:CSARGLREYEQYF,11,0.05%
481,TRB:CSVDSGRVTGELFF,11,0.05%
482,TRB:CSAREDEPKYTDTQYF,11,0.05%
483,TRB:CSVEEFDSPNYGYTF,11,0.05%
484,TRA:CAVDTKAAGNKLTF,11,0.05%
485,TRA:CAVRDYGGATNKLIF,11,0.05%
486,TRB:CASTTGGNYGYTF,11,0.05%
487,TRA:CAVGMYSGGGADGLTF,11,0.05%
488,TRB:CSAPRSVAANEQFF,11,0.05%
489,TRA:CAVGADSGGYQKVTF,11,0.05%
490,TRB:CSASGDRPNSPLHF,10,0.05%
491,TRB:CASSEGVSGNTIYF,10,0.05%
492,TRB:CASSQDAAGYEQYF,10,0.05%
493,TRB:CASSLRQGIYNEQFF,10,0.05%
494,TRB:CATVAGYNEQFF,10,0.05%
495,TRB:CASSEGKEVDEQFF,10,0.05%
496,TRB:CASLSGRSSYEQYF,10,0.05%
497,TRB:CASSLDRNQEAQYF,10,0.05%
498,TRB:CASSRGYYEQYF,10,0.05%
499,TRB:CASSGTADEAFF,10,0.05%
500,TRB:CASSLDPSGTNEQFF,10,0.05%
501,TRB:CASSQDGTDVSAKNIQYF,10,0.05%
502,TRA:CAGSSSNTGKLIF,10,0.05%
503,TRA:CAVRGSGAGSYQLTF,10,0.05%
504,TRB:CASSQDGVAGSSYEQYF,10,0.05%
505,TRB:CASSSQGARTGELFF,10,0.05%
506,TRB:CSATGTPSYEQYF,10,0.05%
507,TRB:CASSLQEGNTIYF,10,0.05%
508,TRA:CVVSDNAGNMLTF,10,0.05%
509,TRA:CAATVLGNEKLTF,10,0.05%
510,TRB:CASSYSGQGNTEAFF,10,0.05%
511,TRA:CAEAFTGTASKLTF,10,0.05%
512,TRB:CASSSVGRGNVRYEQYF,10,0.05%
513,TRA:CAMRAPKFSGGYNKLIF,10,0.05%
514,TRB:CASSWKQWGNEQYF,10,0.05%
515,TRB:CASSVERGLAGEDTQYF,10,0.05%
516,TRB:CASKTQEGPYEQYF,10,0.05%
517,TRB:CASSLGGDNEKLFF,10,0.05%
518,TRB:CASSPPLDYNEQFF,10,0.05%
519,TRB:CASRPRGGATGNEQFF,10,0.05%
520,TRB:CASRRRGDTDTQYF,10,0.05%
521,TRA:CAMREAPNFGNEKLTF,10,0.05%
522,TRB:CSALAFTDTQYF,10,0.05%
523,TRB:CSARAGGSGNTIYF,10,0.05%
524,TRA:CAMRDGPGNTPLVF,10,0.05%
525,TRB:CSATPGALNTEAFF,9,0.04%
526,TRA:CAVRDELTGGGNKLTF,9,0.04%
527,TRB:CASRKTSGFTDTQYF,9,0.04%
528,TRB:CSALAGEKGADTQYF,9,0.04%
529,TRB:CASSASGGPETQYF,9,0.04%
530,TRB:CASSASEEQFF,9,0.04%
531,TRB:CSARADLAGTNTGELFF,9,0.04%
532,TRB:CASSHGGGDLSGNTIYF,9,0.04%
533,TRB:CASSQELSSGINSYEQYF,9,0.04%
534,TRB:CAITVETGTGGNTIYF,9,0.04%
535,TRB:CSAEDSDNQPQHF,9,0.04%
536,TRB:CASSVGLAGDTSTDTQYF,9,0.04%
537,TRB:CASSQPSTGNTIYF,9,0.04%
538,TRB:CSARAHGAKKTGELFF,9,0.04%
539,TRA:CAVGDQGGKLIF,9,0.04%
540,TRB:CASSDTEAFF,9,0.04%
541,TRB:CASSESKGREGGETQYF,9,0.04%
542,TRB:CATSDSYEQYF,9,0.04%
543,TRB:CASSFVARVRLAGATDTQYF,9,0.04%
544,TRB:CASSFYRGEWFTDTQYF,9,0.04%
545,TRB:CASSQDDGRADTDTQYF,9,0.04%
546,TRB:CASSQDEIAGGWTDTQYF,9,0.04%
547,TRB:CASSPPQLAGGTSDTQYF,9,0.04%
548,TRB:CASTTTAYGYTF,9,0.04%
549,TRB:CASTPRGVSGNNEQFF,9,0.04%
550,TRB:CASSRGQVDTEAFF,9,0.04%
551,TRB:CASSDSASTDTQYF,9,0.04%
552,TRB:CASSPRDGVYNEQFF,9,0.04%
553,TRB:CASSASGRRSDGELFF,9,0.04%
554,TRB:CASSSRTSGETQYF,9,0.04%
555,TRB:CSVTWLAEAFF,9,0.04%
556,TRB:CASSAWTWGRNTEAFF,9,0.04%
557,TRB:CSATSGVNYGYTF,9,0.04%
558,TRA:CAPDNNAGNMLTF,8,0.04%
559,TRA:CAMRGYNQGGKLIF,8,0.04%
560,TRB:CASSPLQAYEQYF,8,0.04%
561,TRB:CSAGSRTETGEQYF,8,0.04%
562,TRB:CATSDFGDRSYEQYF,8,0.04%
563,TRA:CAYYAVYYNTDKLIF,8,0.04%
564,TRA:CAAYTGTASKLTF,8,0.04%
565,TRB:CASSVFGASTDTQYF,8,0.04%
566,TRA:CATSDGQAGTALIF,8,0.04%
567,TRB:CASRIAGDQETQYF,8,0.04%
568,TRB:CASSVVVGNTGELFF,8,0.04%
569,TRB:CSAGGLAGDEQFF,8,0.04%
570,TRB:CASITRGGRGEQYF,8,0.04%
571,TRB:CASSLGSGNTIYF,8,0.04%
572,TRA:CAVRDSNYQLIW,8,0.04%
573,TRB:CASSERPEQFF,8,0.04%
574,TRB:CRKDRATGELFF,8,0.04%
575,TRA:CAVSDNAGNMLTF,8,0.04%
576,TRB:CASSLNGGRDYNEQFF,8,0.04%
577,TRB:CASSQSGTAYEQYF,8,0.04%
578,TRB:CASSWTGSNEKLFF,8,0.04%
579,TRB:CASSYSGQGAYEQYF,8,0.04%
580,TRA:CAVSGTGANSKLTF,8,0.04%
581,TRB:CASSLKETQYF,8,0.04%
582,TRB:CASSPYYGTQYF,8,0.04%
583,TRB:CASSQDYIREQYF,8,0.04%
584,TRB:CASSSRDGNTEAFF,8,0.04%
585,TRB:CATSPGTGGSDIQYF,8,0.04%
586,TRB:CSATPAAGVNEQYF,8,0.04%
587,TRB:CASSSRDPSYNEQFF,8,0.04%
588,TRB:CASSTAVARGETQYF,8,0.04%
589,TRB:CAISDTSYEQYF,8,0.04%
590,TRB:CASSQEGGGTSGRGETQYF,8,0.04%
591,TRB:CASSTTLGANVLTF,8,0.04%
592,TRB:CASSPPSRGYEQYF,7,0.03%
593,TRB:CASSFRVYNEQFF,7,0.03%
594,TRA:CAVGAYSSASKIIF,7,0.03%
595,TRB:CASNGQSYSGNTIYF,7,0.03%
596,TRB:CASSPGDRRVTGELFF,7,0.03%
597,TRB:CASSFSSLAGGPGTDTQYF,7,0.03%
598,TRB:CASSPPGFSKNIQYF,7,0.03%
599,TRB:CASSTGTESYEQYF,7,0.03%
600,TRB:CSARDPSGMSNTGELFF,7,0.03%
601,TRB:CASRNINTEAFF,7,0.03%
602,TRB:CSARKDGDNQPQHF,7,0.03%
603,TRB:CASSVDRLPQETQYF,7,0.03%
604,TRB:CSARDKGPADTQYF,7,0.03%
605,TRB:CASSRGTSGSKETQYF,7,0.03%
606,TRA:CAVRDKGNTGGFKTIF,7,0.03%
607,TRB:CASIPGQGDYNEQFF,7,0.03%
608,TRA:CAVRGDSWGKFQF,7,0.03%
609,TRB:CASATRMTSHSNQPQHF,7,0.03%
610,TRB:CATKKDSGVVGTQYF,7,0.03%
611,TRA:CIVRVHNTNAGKSTF,7,0.03%
612,TRA:CAVVDTGTASKLTF,7,0.03%
613,TRA:CAVSDLGDSSYKLIF,7,0.03%
614,TRB:CASSQRDYQETQYF,7,0.03%
615,TRA:CAVQAPVQGAQKLVF,7,0.03%
616,TRA:CAVQRADSSYKLIF,7,0.03%
617,TRA:CAVRAAGNKLTF,7,0.03%
618,TRA:CVVNIGTGGSYIPTF,7,0.03%
619,TRB:CATSGGQQYYNEQFF,7,0.03%
620,TRA:CIVRVGGTSYGKLTF,6,0.03%
621,TRA:CAMRGGAGNQFYF,6,0.03%
622,TRA:CAMREVQGGKLIF,6,0.03%
623,TRA:CIVRVAAGGTSYGKLTF,6,0.03%
624,TRB:CASSLDLIPTTGYTF,6,0.03%
625,TRB:CAISNREGTSGTTSTDTQYF,6,0.03%
626,TRB:CASRYSGSSSEQYF,6,0.03%
627,TRA:CAVNKAGGTSYGKLTF,6,0.03%
628,TRB:CSATPGLANTDTQYF,6,0.03%
629,TRB:CASTPSGAGETQYF,6,0.03%
630,TRB:CSARPHGGLSYNEQFF,6,0.03%
631,TRB:CASSAGQSGANVLTF,6,0.03%
632,TRB:CASSQDSYGYTF,6,0.03%
633,TRB:CSARSLAGGPYNEQFF,6,0.03%
634,TRB:CASSGWVSGYEQYF,6,0.03%
635,TRB:CATSEARGDRDPYEQYF,6,0.03%
636,TRB:CASSQAYPGTGELFF,6,0.03%
637,TRB:CASSYTQDGSADTQYF,6,0.03%
638,TRB:CASSEAGPGLISYEQYF,6,0.03%
639,TRB:CSALQGINEQYF,6,0.03%
640,TRB:CASSPIGDEQFF,6,0.03%
641,TRB:CASSSSNSPLHX,6,0.03%
642,TRB:CASSQYLQDNLGVSTDTQYF,6,0.03%
643,TRA:CLVGDRTGSARQLTF,6,0.03%
644,TRB:CASSPFDSYNEQFF,6,0.03%
645,TRA:CAVGTTSGTYKYIF,6,0.03%
646,TRB:CSARGLRGPSSYEQYF,6,0.03%
647,TRB:CASSPQGEETQYF,6,0.03%
648,TRB:CASSLGQYQETQYF,5,0.02%
649,TRB:CASSPYPRRVGRTGELFF,5,0.02%
650,TRB:CASSFRGGKETQYF,5,0.02%
651,TRA:CAVPGNYGQNFVF,5,0.02%
652,TRB:CASGLGENTQYF,5,0.02%
653,TRB:CAIRASATTGELFF,5,0.02%
654,TRB:CASSTPTSGRIGELFF,5,0.02%
655,TRB:CASSQETSGRKGELFF,5,0.02%
656,TRB:CSPNSDTQYF,5,0.02%
657,TRB:CASSLDGGSQPQHF,5,0.02%
658,TRB:CASSQYAGTSGNTIYF,5,0.02%
659,TRA:CAVGGSNYKLTF,5,0.02%
660,TRB:CASSQGTSGRADETQYF,5,0.02%
661,TRB:CASSGTSGTGWADTQYF,5,0.02%
662,TRB:CASSGTGGGETQYF,5,0.02%
663,TRB:CSAMDRVKNNEQFF,5,0.02%
664,TRB:CASSSLDFRGGTGELFF,5,0.02%
665,TRB:CASSVGNEQYF,5,0.02%
666,TRB:CASSPPWGSYGYTF,5,0.02%
667,TRB:CAWSGRRNTEAFF,5,0.02%
668,TRB:CSAEPPGQGYGDTQYF,5,0.02%
669,TRB:CASSSQGGGPATNEKLFF,5,0.02%
670,TRB:CASEGYNEQFF,5,0.02%
671,TRB:CSTTPGQNSYNEQFF,5,0.02%
672,TRB:CSAKTSGDYNEQFF,5,0.02%
673,TRB:CASSIKGPGEQYF,5,0.02%
674,TRB:CASSLPGQYTEAFF,5,0.02%
675,TRB:CASIPSRAHTEAFF,5,0.02%
676,TRB:CASSFGGSSSTDTQYF,5,0.02%
677,TRB:CASSLPGLPGETQYF,5,0.02%
678,TRB:CASSPEGNEQFF,4,0.02%
679,TRB:CAIQASGANVLTF,4,0.02%
680,TRB:CASSERDRGPYEQYF,4,0.02%
681,TRA:CAVSMANDYKLSF,4,0.02%
682,TRB:CASSDGETGELFF,4,0.02%
683,TRB:CAISESLSEAFF,4,0.02%
684,TRB:CSAIASGRTGELFF,4,0.02%
685,TRB:CASSSTSGSSYEQYF,4,0.02%
686,TRB:CASSLGQGGNEQFF,4,0.02%
687,TRB:CASKGRVDNEQFF,4,0.02%
688,TRB:CASSLVGAAGGPSNTGELFF,4,0.02%
689,TRB:CASKEDPSNQPQHF,4,0.02%
690,TRB:CASSLSYEQYF,4,0.02%
691,TRB:CASIRLAGGTDTQYF,4,0.02%
692,TRA:CAVGSGTYKYIF,4,0.02%
693,TRB:CASRGRGTGELFF,4,0.02%
694,TRB:CSVEREGRLIDEQFF,4,0.02%
695,TRB:CASSIQAMNTEAFF,4,0.02%
696,TRA:CAVHTGGGNKLTF,4,0.02%
697,TRB:CASSLSGELFF,4,0.02%
698,TRB:CASSSLSGISNQPQHF,4,0.02%
699,TRB:CASSHGLAGNSGELFF,4,0.02%
700,TRB:CATSDLKGSGGYTF,4,0.02%
701,TRB:CASSTRTRSYEQYF,4,0.02%
702,TRB:CATKGGKGYEQYF,4,0.02%
703,TRB:CASTRSILGLAYNEQFF,4,0.02%
704,TRB:CASSSRPVGLAGAYNEQFF,4,0.02%
705,TRB:CASSNINTEAFX,4,0.02%
706,TRB:CASSEQNTEAFF,3,0.01%
707,TRB:CASSPRNEQFF,3,0.01%
708,TRB:CASTSLGRSYNEQFF,3,0.01%
709,TRB:CATSREREGPEANVLTF,3,0.01%
710,TRB:CASSFVATRTDTQYF,3,0.01%
711,TRB:CASTGDTEAFF,3,0.01%
712,TRB:CASSLGSLNEQFF,3,0.01%
713,TRA:CAATLDGGYNKLIF,3,0.01%
714,TRB:CASSERTGRETQYF,3,0.01%
715,TRB:CASSQARGGSEKLFF,3,0.01%
716,TRB:CASSLGPSRTDHYGYTF,3,0.01%
717,TRB:CATAPGAGYPPIF,3,0.01%
718,TRB:CASSLGLAEETQYF,3,0.01%
719,TRB:CASSTADEQFF,3,0.01%
720,TRA:CIVRPPGYGGATNKLIF,3,0.01%
721,TRA:CVVRRGYQKVTF,3,0.01%
722,TRB:CAPKNPGTDYGYTF,3,0.01%
723,TRA:CAMREPILGRLYX,3,0.01%
724,TRB:CSAIGQGGNSPLHF,3,0.01%
725,TRA:CAVNTGGFKTIF,3,0.01%
726,TRA:CAVHPGRVTGGGNKLTF,3,0.01%
727,TRB:CASSYSAGGSYNEQFF,3,0.01%
728,TRB:CASSLELGLRSYEQYF,3,0.01%
729,TRB:CASSLDAGRANEQFF,3,0.01%
730,TRB:CASSWRDSYRGSPLHF,3,0.01%
731,TRB:CAWTVNTEAFF,3,0.01%
732,TRB:CASSLVAGNTIYF,3,0.01%
733,TRB:CASSATGRATEAFF,3,0.01%
734,TRB:CASSTLAGIGGEQFF,3,0.01%
735,TRB:CASSLEGRGLETQYF,3,0.01%
736,TRA:CAVGAYRGGGADGLTF,3,0.01%
737,TRB:CASSPDSYEQYF,3,0.01%
738,TRB:CASSDPSGPSVGNEQFX,3,0.01%
739,TRB:CASRRRVGETQYF,3,0.01%
740,TRA:CAVRLRGNQGGKLIF,3,0.01%
741,TRB:CASSSQGPNTGELFF,3,0.01%
742,TRB:CSARPAGLNTEAFF,3,0.01%
743,TRB:CASSHPNSPLHF,3,0.01%
744,TRB:CASSLVGQIYNEQFF,3,0.01%
745,TRB:CASSLLGRVSYEQYF,2,0.01%
746,TRB:CASSPQRNTAYEQYF,2,0.01%
747,TRB:CASSLSSGLYQETQYX,2,0.01%
748,TRB:CASSIRVFSGANVLTF,2,0.01%
749,TRB:CASSQETPYNEQFF,2,0.01%
750,TRB:CASSPSPNNEQYF,2,0.01%
751,TRB:CASSSIGSRDTQYF,2,0.01%
752,TRB:CASSSGYSADX,2,0.01%
753,TRB:CASSPRETGLYGYTX,2,0.01%
754,TRB:CASSLRTGGPDTQYF,2,0.01%
755,TRB:CASSLYENTEAFX,2,0.01%
756,TRB:CASSSPGTAQQF,2,0.01%
757,TRB:CASSLYPGASSSGANVLTX,2,0.01%
758,TRB:CASSLRRESEQFF,2,0.01%
759,TRB:CASSNINTDAFF,2,0.01%
760,TRB:CASSPMAETQYF,2,0.01%
761,TRB:CASSLDRNQEAQYX,2,0.01%
762,TRB:CASSLGTAWGYTF,2,0.01%
763,TRB:CASSQDPGSYNEQFF,2,0.01%
764,TRB:CASSPDRGPGELFX,2,0.01%
765,TRB:CASSSDGYGYTF,2,0.01%
766,TRB:CASSGQRDQPQHF,2,0.01%
767,TRB:CASSLGVLADSYEQYF,2,0.01%
768,TRB:CASSGKPDTQYF,2,0.01%
769,TRB:CASSPGHPQETQYF,2,0.01%
770,TRB:CASSLTGQGPTDTQYF,2,0.01%
771,TRB:CVTGVNYGYTF,2,0.01%
772,TRA:CAVNNPGNMLTF,2,0.01%
773,TRA:CAVVIKAAGNKLTF,2,0.01%
774,TRB:CSGLLAGGGNEQFF,2,0.01%
775,TRA:CLVGAHGSSNTGKLIF,2,0.01%
776,TRB:CASFPGGGNQPQHF,2,0.01%
777,TRA:CAETPGGFKTIF,2,0.01%
778,TRA:CAESDSGGYQKVTF,2,0.01%
779,TRA:CAMRETPRNSGYSTLTF,2,0.01%
780,TRB:CATSDSGGSGFNEQFF,2,0.01%
781,TRA:CAENYGGSQGNLIX,2,0.01%
782,TRB:CASNSRTSNSPLHF,2,0.01%
783,TRA:CAVESNAGNNRKLIW,2,0.01%
784,TRA:CAMSMNTGFQKLVF,2,0.01%
785,TRA:CAEKRKAGGSYIPTX,2,0.01%
786,TRB:CASSVGPRDSPLHF,2,0.01%
787,TRA:CAVSGTGANSKLTX,2,0.01%
788,TRB:CSARVSGRASTGELFF,2,0.01%
789,TRB:CSVDPESTDTQYF,2,0.01%
790,TRB:CAWKGRREDGTGELFX,2,0.01%
791,TRA:CAVEGTASKLTF,2,0.01%
792,TRA:CLVGDLYNNNDMRF,2,0.01%
793,TRA:CAMRELNRDDKIIF,2,0.01%
794,TRA:CAGAGVSNYQLIW,2,0.01%
795,TRB:CASTSRWGEGNQPQHF,2,0.01%
796,TRB:CSARTGGFNQPQHX,2,0.01%
797,TRA:CALSYSNYQLIW,2,0.01%
798,TRB:CASTPELGGRAEGANVLTF,2,0.01%
799,TRA:CALTLVSYNTDKLIF,2,0.01%
800,TRA:CALLLEYDKVIF,2,0.01%
801,TRB:CSATQGQLENIQYF,2,0.01%
802,TRA:CAGRAVRRALTF,2,0.01%
803,TRB:CASSYSMGIVSTEAFF,2,0.01%
804,TRB:CASTSIGRSYNEQFX,2,0.01%
805,TRA:CAGKGETSGSRLTF,2,0.01%
806,TRA:CAGHYYQGAYGGSQGNLIF,2,0.01%
807,TRB:CASTSIGWSYNEQFF,2,0.01%
808,TRA:CAMKAAGTALIF,2,0.01%
809,TRA:CAMKKAAGNKLTF,2,0.01%
810,TRB:CAITSIGRSYNEQFF,2,0.01%
811,TRA:CLVGNNNAGNMLTF,2,0.01%
812,TRB:CASSYPDGHSNYGYTF,2,0.01%
813,TRA:CAATDSWGKFQF,2,0.01%
814,TRB:CASRDGQKNTGELFF,2,0.01%
815,TRB:CASSDPPLEKLFF,2,0.01%
816,TRB:CASSARTAGREKLIF,2,0.01%
817,TRB:CASSFIPGENTEAFX,2,0.01%
818,TRA:CAAKGSGNQFYX,2,0.01%
819,TRA:CAVNAPSGQNFVF,2,0.01%
820,TRB:CASSFARGDTQYF,2,0.01%
821,TRB:CASSEVDRATEAFF,2,0.01%
822,TRB:CASSEQGADTQYF,2,0.01%
823,TRB:CASSELRLAGGEGSETQYF,2,0.01%
824,TRA:CAVMDNFNKFYF,2,0.01%
825,TRB:CSVLTGGTGELFF,2,0.01%
826,TRA:CAVILNYGGSQGNLIF,2,0.01%
827,TRA:CAASARFGATNKLIF,2,0.01%
828,TRA:CAVGDQGGKLIX,2,0.01%
829,TRB:CASSASGELFX,2,0.01%
830,TRB:CASTSIGRSFNEQFF,2,0.01%
831,TRA:CAASSEYGGSQGNLIF,2,0.01%
832,TRA:CAASNTGNQFYX,2,0.01%
833,TRB:CSVEGTGKNEKLFF,2,0.01%
834,TRB:CASSARTAGREKLFX,2,0.01%
835,TRA:CAVRTYNTNAGKSTF,2,0.01%
836,TRB:CAWSGLAGYNEQFF,2,0.01%
837,TRB:CSAGPGANQPQHF,1,0.0%
838,TRB:CASSQLGDPYEQYF,1,0.0%
839,TRB:CASSQMTATNEKLFF,1,0.0%
840,TRB:CSARPGGFNQPQHF,1,0.0%
841,TRB:CSARDLNSVPTDTQYF,1,0.0%
842,TRB:CSARAVAGVPVQYF,1,0.0%
843,TRB:CASSQGL,1,0.0%
844,TRB:CASSQDTPSFHTQYF,1,0.0%
845,TRB:CSARRGRGIDEQFF,1,0.0%
846,TRB:CSARDRLAAYEQYF,1,0.0%
847,TRB:CASSQGQGNEKLFF,1,0.0%
848,TRB:CSAEVSGQGHYEQYF,1,0.0%
849,TRB:CSARRTGCNEQYF,1,0.0%
850,TRB:CASSQDRTGRVLGYTX,1,0.0%
851,TRB:CSAEGTENTEAFF,1,0.0%
852,TRB:CSARAALAGTNTGELFF,1,0.0%
853,TRB:CASSQDRTGGGPYNEQLF,1,0.0%
854,TRB:CSAATGANYEQYX,1,0.0%
855,TRB:CRKDSATGELFF,1,0.0%
856,TRB:CSARTGGFNQPRHF,1,0.0%
857,TRB:CSAGPQNNEQFF,1,0.0%
858,TRB:CSAKGVLGDRGYNEQFF,1,0.0%
859,TRB:CSAPDRARSYNEQFF,1,0.0%
860,TRB:CSAMDRVKSNEQFF,1,0.0%
861,TRB:CSARDSVRLADTQYF,1,0.0%
862,TRB:CSAREDDPKYTDTQYF,1,0.0%
863,TRB:CASSQGTGGTKQFF,1,0.0%
864,TRB:CASSQGTSGLSSYEQFF,1,0.0%
865,TRB:CSARGLRVPSSYEQYF,1,0.0%
866,TRB:CSANTGVSGYTF,1,0.0%
867,TRB:CSANRGPPYGYTF,1,0.0%
868,TRB:CSARGVFGDRGFNEQFF,1,0.0%
869,TRB:CASSQENPVFADTQYF,1,0.0%
870,TRB:CSARGVFGDRGYNDQFF,1,0.0%
871,TRB:CASSQGTGGSEQFF,1,0.0%
872,TRB:CSAKTSGDYNEQLF,1,0.0%
873,TRB:CASSQEGVAGSSYEQYF,1,0.0%
874,TRB:CSARGVLGDRGYNEQVL,1,0.0%
875,TRB:CSARGVLGDRSYNEQFF,1,0.0%
876,TRB:CSAQGLADYNEQFF,1,0.0%
877,TRB:CSARGVLVYRGYNEQFF,1,0.0%
878,TRB:CSALAFTETHYX,1,0.0%
879,TRB:CASSQGATYEQYF,1,0.0%
880,TRB:CSARGWNSVPTDTQYF,1,0.0%
881,TRB:CASSQGTSYYEQYF,1,0.0%
882,TRB:CASSQGWCEQYF,1,0.0%
883,TRB:CSAPRTGGNEQYF,1,0.0%
884,TRB:CASSSSNSPFHF,1,0.0%
885,TRB:CSASAPGAETQYF,1,0.0%
886,TRB:CASSPTGSSYNEQFX,1,0.0%
887,TRB:CSVEMDRQETQFF,1,0.0%
888,TRB:CSVEMDRQETQCF,1,0.0%
889,TRB:CASSPTRMGVGYSF,1,0.0%
890,TRB:CSVELDRQETQYC,1,0.0%
891,TRB:CSVEHGDTQHF,1,0.0%
892,TRB:CSVEHGDSQYF,1,0.0%
893,TRB:CASSPTSGSYNEQFF,1,0.0%
894,TRB:CSVEGPTRGMQETQYF,1,0.0%
895,TRB:CASSPTVITDTQYF,1,0.0%
896,TRB:CSVEGPSRGMQETQYL,1,0.0%
897,TRB:CSVEEYKNIQYX,1,0.0%
898,TRB:CSVEEYKNIQYF,1,0.0%
899,TRB:CSVEDPGRGGEQYF,1,0.0%
900,TRB:CASSPTVNADTQYF,1,0.0%
901,TRB:CSVEDPGRAGVQYF,1,0.0%
902,TRB:CSVEMVRQETQYF,1,0.0%
903,TRB:CSVEPGLSGELFF,1,0.0%
904,TRB:CSASGSGIMDTQYF,1,0.0%
905,TRB:CSVEQGDTQYF,1,0.0%
906,TRB:CVSSTIGSRDTQYF,1,0.0%
907,TRB:CTSSSSNSPLHF,1,0.0%
908,TRB:CTSSGQGDTGELFF,1,0.0%
909,TRB:CSVVMDRQETQYF,1,0.0%
910,TRB:CSVVGPNRGMQESQYF,1,0.0%
911,TRB:CSVREFSYNEQFF,1,0.0%
912,TRB:CASSPSQAGVYEQYF,1,0.0%
913,TRB:CASSPTGGGSPLHX,1,0.0%
914,TRB:CASSPTGGLNQPQHF,1,0.0%
915,TRB:CSVLNSGSFPYEQYF,1,0.0%
916,TRB:CASSPTGISYIEQFF,1,0.0%
917,TRB:CSVKGGRLSPGANVLTS,1,0.0%
918,TRB:CSVGMDRQETQYF,1,0.0%
919,TRB:CSVEYREGYEQYF,1,0.0%
920,TRB:CSVESPGWEETQYF,1,0.0%
921,TRB:CSVDVSGRSGEQFF,1,0.0%
922,TRB:CSVDSGGVTGELFF,1,0.0%
923,TRB:CASSPVFRSWKQYF,1,0.0%
924,TRB:CASSPVQTGTQPQHF,1,0.0%
925,TRB:CSGGDLGETQYF,1,0.0%
926,TRB:CASSQDGIDVSAKNIQYF,1,0.0%
927,TRB:CSGEWGEQFF,1,0.0%
928,TRB:CSDRGVLGDRGYNEQFF,1,0.0%
929,TRB:CSDIVGTGRSYNEQFX,1,0.0%
930,TRB:CSDIVGTGQSYNEQFF,1,0.0%
931,TRB:CASSQPWTAEAFF,1,0.0%
932,TRB:CSAWEGLGEQYF,1,0.0%
933,TRB:CASSQDGTDVSAKNIQYX,1,0.0%
934,TRB:CSATTGGTEQYF,1,0.0%
935,TRB:CSATPGLANTDTQYX,1,0.0%
936,TRB:CSASGVLGVRGYNEQFF,1,0.0%
937,TRB:CASSQDGVAGSSYEQYX,1,0.0%
938,TRB:CASSQDLGRTGRHPRDTQYF,1,0.0%
939,TRB:CASSQDPGGPYEQYF,1,0.0%
940,TRB:CASSQDGGGAVQPQHF,1,0.0%
941,TRB:CSISNINSEAFF,1,0.0%
942,TRB:CSLRTGGTEAFF,1,0.0%
943,TRB:CSSSSGFPANTEAFF,1,0.0%
944,TRB:CASSPYGYTDTQYF,1,0.0%
945,TRB:CSVDGTPSSYNEQFF,1,0.0%
946,TRB:CSVDAGNYVYTF,1,0.0%
947,TRB:CSVAGLAGYGSSYEQCF,1,0.0%
948,TRB:CSTSDRTSGFTDTQYF,1,0.0%
949,TRB:CASSPYTSYNSPLHX,1,0.0%
950,TRB:CASSQAGRQGGEEAFF,1,0.0%
951,TRB:CSLTSGRAVTQYF,1,0.0%
952,TRB:CSSSQQGDPYEQYF,1,0.0%
953,TRB:CSSSPQGKMNTEAFF,1,0.0%
954,TRB:CSSSLPGLAGVNEQFF,1,0.0%
955,TRB:CASSQDAAGYEQDF,1,0.0%
956,TRB:CASSQDAAGYEQFF,1,0.0%
957,TRB:CSSATRMTSHSNQPQHF,1,0.0%
958,TRB:CSDITGGRQPQHF,1,0.0%
959,TRB:CDSSARTAGREKLFF,1,0.0%
960,TRB:CREIVGTGRSYYEQFF,1,0.0%
961,TRB:CASSVLGQGLGEQYF,1,0.0%
962,TRB:CASSSGTPAVSSYEQYX,1,0.0%
963,TRB:CASSVRTGGIGVQFF,1,0.0%
964,TRB:CASSVRTGGIGELFF,1,0.0%
965,TRB:CASSVRSGGIGEQFF,1,0.0%
966,TRB:CASSVRHETNEKLFF,1,0.0%
967,TRB:CASSSIVSRDTQFF,1,0.0%
968,TRB:CASSVRDMAGNTIYF,1,0.0%
969,TRB:CASSSKGLTQYX,1,0.0%
970,TRB:CASSSGTGRGETQYF,1,0.0%
971,TRB:CASSSKTGTYEQYF,1,0.0%
972,TRB:CASSVGLDLSEQFF,1,0.0%
973,TRB:CASSSLDFRGGTGELFX,1,0.0%
974,TRB:CASSSLGEAEAFF,1,0.0%
975,TRB:CASSSLGTGSDLGTEAFF,1,0.0%
976,TRB:CASSVGAASYNEQFF,1,0.0%
977,TRB:CASSVFGDRSYEQYF,1,0.0%
978,TRB:CASSVSSYGYTF,1,0.0%
979,TRB:CASSVVAGGREQFF,1,0.0%
980,TRB:CASSYSGGETSGYEQYF,1,0.0%
981,TRB:CASSYINTEAFF,1,0.0%
982,TRB:CASSYQDRGGNTIYF,1,0.0%
983,TRB:CASSSFGRSYNEHFF,1,0.0%
984,TRB:CASSYPDGHSTEGYTF,1,0.0%
985,TRB:CASSSGFPSNTEAFF,1,0.0%
986,TRB:CASSYLGQNTETFF,1,0.0%
987,TRB:CASSSGGSAYEQFF,1,0.0%
988,TRB:CASSYKQEQFF,1,0.0%
989,TRB:CASSWTSGRAAVGNEQFF,1,0.0%
990,TRB:CASSWDRGDHGYTF,1,0.0%
991,TRB:CASSSGNSPLHF,1,0.0%
992,TRB:CASSSGQAPPTDTQYF,1,0.0%
993,TRB:CASSWQGQGDYEQYF,1,0.0%
994,TRB:CASSWKGSNEKLFF,1,0.0%
995,TRB:CASSWGGRVSGNTIYF,1,0.0%
996,TRB:CASSWDSSYKSPLHF,1,0.0%
997,TRB:CASSSGQFNYEQYX,1,0.0%
998,TRB:CASSVFGACTDSQYF,1,0.0%
999,TRB:CASSVFAGRGPDTQYF,1,0.0%
1000,TRB:CASSSLRGDEQYF,1,0.0%
1001,TRB:CASSTAVARGETQYX,1,0.0%
1002,TRB:CASSSQGVPPQHF,1,0.0%
1003,TRB:CASSTIGSRDSQYF,1,0.0%
1004,TRB:CASSTIGSRDPQYF,1,0.0%
1005,TRB:CASSTGYSPLHX,1,0.0%
1006,TRB:CASSSQPGTGKTDTQYF,1,0.0%
1007,TRB:CASSTGEDQPQLF,1,0.0%
1008,TRB:CASSTFGSRDTQYF,1,0.0%
1009,TRB:CASSSRDGNTVAFF,1,0.0%
1010,TRB:CASSVDLRLNEQFF,1,0.0%
1011,TRB:CASSSVREKANEQFF,1,0.0%
1012,TRB:CASSSRTPSAGEGADPQYF,1,0.0%
1013,TRB:CASSSVGRGNVRYELYF,1,0.0%
1014,TRB:CASSSTTTGGYYNEQFF,1,0.0%
1015,TRB:CASSSTSGSSYEQYX,1,0.0%
1016,TRB:CASSSTIEADTQYF,1,0.0%
1017,TRB:CASSSSYNEQFF,1,0.0%
1018,TRB:CASSTIGSRDTKYF,1,0.0%
1019,TRB:CASSTIGSRDTLYF,1,0.0%
1020,TRB:CASSTIGSRETQYF,1,0.0%
1021,TRB:CASSSQGARTGELFX,1,0.0%
1022,TRB:CASSVAWQVADTQYF,1,0.0%
1023,TRB:CASSVAGQVADTQYX,1,0.0%
1024,TRB:CASSVAGLGYGYTF,1,0.0%
1025,TRB:CASSSPGFYGQYF,1,0.0%
1026,TRB:CASSTYWGGTDTQYF,1,0.0%
1027,TRB:CASSTYSGANVLTF,1,0.0%
1028,TRB:CASSTYRGGTDTQYL,1,0.0%
1029,TRB:CASSTYRGGTDAQYF,1,0.0%
1030,TRB:CASSTTPGQSSYEQYX,1,0.0%
1031,TRB:CASSSPVVYEQYF,1,0.0%
1032,TRB:CASSTTEERGYEQYF,1,0.0%
1033,TRB:CASSTSGSRDTQYF,1,0.0%
1034,TRB:CASSTRTRSYEQYX,1,0.0%
1035,TRB:CASSSPYNEQFF,1,0.0%
1036,TRB:CASSTIGSRVTQYF,1,0.0%
1037,TRB:CASSYRGSTQPQHF,1,0.0%
1038,TRB:CASSYSGLGQSHGYTF,1,0.0%
1039,TRB:CRARLAGGQETQYF,1,0.0%
1040,TRB:CAWRLAGELFF,1,0.0%
1041,TRB:CAWTGRREDGTGELFF,1,0.0%
1042,TRB:CAWSVTSYGYSF,1,0.0%
1043,TRB:CAWSTDRGPAADTF,1,0.0%
1044,TRB:CAWSRASGFSSYNEQFF,1,0.0%
1045,TRB:CAWSASSGSPTYTYEQYF,1,0.0%
1046,TRB:CASSQVRTGGGPYNEQFF,1,0.0%
1047,TRB:CAWSAQGVHTEAFF,1,0.0%
1048,TRB:CASSQVSGRGTLYF,1,0.0%
1049,TRB:CCDIVGSGRSYNEQFF,1,0.0%
1050,TRB:CAWKGRRYDCTGELFF,1,0.0%
1051,TRB:CAWKGRREDGTGEMFF,1,0.0%
1052,TRB:CAWKGRREDGTGDLFF,1,0.0%
1053,TRB:CAWKGRREDGPGELFF,1,0.0%
1054,TRB:CAWCVTSYGYTF,1,0.0%
1055,TRB:CATSRDGNYNSPLHF,1,0.0%
1056,TRB:CATSPSPGPGRNIQYF,1,0.0%
1057,TRB:CAWTLGYNTEAFF,1,0.0%
1058,TRB:CCDIVGTGRSYNEQFF,1,0.0%
1059,TRB:CASSYSGQGITEAFF,1,0.0%
1060,TRB:CDSTRRGFSGINEQFF,1,0.0%
1061,TRB:CRAREGTGRPGELFF,1,0.0%
1062,TRB:CIPNSDTQYF,1,0.0%
1063,TRB:CIARVVLGDRGYNEQFF,1,0.0%
1064,TRB:CGVEMDRQETQYF,1,0.0%
1065,TRB:CGSSSGVSAYEQYF,1,0.0%
1066,TRB:CASSQRQVSPYEQYX,1,0.0%
1067,TRB:CGARVPWKGETQYF,1,0.0%
1068,TRB:CASSQRSPGLAQNTGELFF,1,0.0%
1069,TRB:CCVKGGRLSPGANVLTF,1,0.0%
1070,TRB:CDSSRGYYEQYF,1,0.0%
1071,TRB:CDSSDGQIQESQYF,1,0.0%
1072,TRB:CASSQSNTGELFF,1,0.0%
1073,TRB:CDSSASTSVCEILFF,1,0.0%
1074,TRB:CASSSSNSPVHF,1,0.0%
1075,TRB:CASSQSSGLAKTWELFF,1,0.0%
1076,TRB:CDITSIGRSYYELFF,1,0.0%
1077,TRB:CASSRAVAGGPYNEQFF,1,0.0%
1078,TRB:CATSETGTGDTGELFF,1,0.0%
1079,TRB:CASSRDEGRAGITIYF,1,0.0%
1080,TRB:CASTPDRAKNIQYF,1,0.0%
1081,TRB:CASTSIGRSYDEQFF,1,0.0%
1082,TRB:CASSRTGTGANVLTX,1,0.0%
1083,TRB:CASSRTGTRTYNEQFF,1,0.0%
1084,TRB:CASTSIGRPYNEQFF,1,0.0%
1085,TRB:CASTRTSAQETQYF,1,0.0%
1086,TRB:CASTRDRGKAFF,1,0.0%
1087,TRB:CASTPSGAGETQYX,1,0.0%
1088,TRB:CASTFGGSEESQYF,1,0.0%
1089,TRB:CATSDFSGAHNEQFF,1,0.0%
1090,TRB:CASTAIRGAREKLFF,1,0.0%
1091,TRB:CASTAIQGAWEKLFF,1,0.0%
1092,TRB:CASSYSSGGTGEQDF,1,0.0%
1093,TRB:CASSYSQGDKHIQYF,1,0.0%
1094,TRB:CASSYSLGQRRTELGETQYF,1,0.0%
1095,TRB:CASSSEGLTQYF,1,0.0%
1096,TRB:CASSYSGRARNEQFF,1,0.0%
1097,TRB:CASSRSMARGYGYTX,1,0.0%
1098,TRB:CASTSIGRSYHEQFF,1,0.0%
1099,TRB:CASTSIGRSYIEQFF,1,0.0%
1100,TRB:CASTSIGRSYNEQFI,1,0.0%
1101,TRB:CATSDFGRGGTDTQFF,1,0.0%
1102,TRB:CASWRMGTQYF,1,0.0%
1103,TRB:CASWLAGGLQETQYF,1,0.0%
1104,TRB:CASWGMDTQYF,1,0.0%
1105,TRB:CASTVTGRAYELYF,1,0.0%
1106,TRB:CASTTTAYGYTX,1,0.0%
1107,TRB:CASSREGQRQETQYF,1,0.0%
1108,TRB:CASTTGRNYGYTF,1,0.0%
1109,TRB:CASTSVGRSYNEQFF,1,0.0%
1110,TRB:CASTSIWRSYNEQFF,1,0.0%
1111,TRB:CASTSIRRSYNEQFF,1,0.0%
1112,TRB:CASSRNDRAYGYTX,1,0.0%
1113,TRB:CASTSIGRSYTEQFF,1,0.0%
1114,TRB:CASTSIGRSYNGQFF,1,0.0%
1115,TRB:CASTSIGRSYNEQFL,1,0.0%
1116,TRB:CASSPSPLADTDTQFF,1,0.0%
1117,TRA:CAAAGMNYGGSQGNLIF,1,0.0%
1118,TRB:CASSPRTGVYEQYF,1,0.0%
1119,TRA:CAVRDRTRNQGGKLIF,1,0.0%
1120,TRA:CAVRGTGNQFFF,1,0.0%
1121,TRA:CAVRGSGNHFYF,1,0.0%
1122,TRA:CAVRFGGTSYGKLTF,1,0.0%
1123,TRA:CAVRDTTNTGFQKLVF,1,0.0%
1124,TRA:CAVRDSGGGEGLTF,1,0.0%
1125,TRA:CAVRDSGAGSYQLTF,1,0.0%
1126,TRA:CAVRDNTGNTPLVF,1,0.0%
1127,TRA:CAVRTYTTNAGTSTF,1,0.0%
1128,TRA:CAVRDKGNTGGFKTIX,1,0.0%
1129,TRA:CAVRDIRRPNDYKLSF,1,0.0%
1130,TRA:CAVRDHYGQNFVF,1,0.0%
1131,TRA:CAVRDESSASKIIF,1,0.0%
1132,TRA:CAVRCSPVNLIF,1,0.0%
1133,TRA:CAVRAYSGAGSYQLTF,1,0.0%
1134,TRA:CAVRTGGFKTIF,1,0.0%
1135,TRA:CAVRVRGGADGLSF,1,0.0%
1136,TRA:CAVQSVTSGTYKYIF,1,0.0%
1137,TRA:CAVSDVAQGGSEKLVF,1,0.0%
1138,TRA:CAVSYNTNAGKSTF,1,0.0%
1139,TRA:CAVSYIPNDYKLSF,1,0.0%
1140,TRA:CAVSQSNAGNNRKLIW,1,0.0%
1141,TRA:CAVSPGFGNVLHC,1,0.0%
1142,TRA:CAVSEPGTYKYIF,1,0.0%
1143,TRA:CAVSDYAGNILTF,1,0.0%
1144,TRA:CAVSDSNYQLIW,1,0.0%
1145,TRA:CAVRYTGNLLYF,1,0.0%
1146,TRA:CAVSDRVNTGGFKTIF,1,0.0%
1147,TRA:CAVSDRQGGSEKLVF,1,0.0%
1148,TRA:CAVSDRGNTGGFKTFF,1,0.0%
1149,TRA:CAVSDNSGNMLTF,1,0.0%
1150,TRA:CAVSDHSGNMLTF,1,0.0%
1151,TRA:CAVRYTGNQFYX,1,0.0%
1152,TRA:CAVRAWNTNAGKSTF,1,0.0%
1153,TRA:CAVQSGTSGTYKYIX,1,0.0%
1154,TRB:CAISDQGESTDTQYF,1,0.0%
1155,TRA:CAVGRSPPSNTGKLIF,1,0.0%
1156,TRA:CAVKGYSTLTF,1,0.0%
1157,TRA:CAVKGNAGKSTF,1,0.0%
1158,TRA:CAVIVGSNDYRLSF,1,0.0%
1159,TRA:CAVHPGRVTGGGNKPTF,1,0.0%
1160,TRA:CAVHNDYKLSF,1,0.0%
1161,TRA:CAVGSGTYKYIX,1,0.0%
1162,TRA:CAVGPSTDYKLSF,1,0.0%
1163,TRA:CAVLKAAGYKLTF,1,0.0%
1164,TRA:CAVGPSNDYKLSY,1,0.0%
1165,TRA:CAVGPSNDYKLSX,1,0.0%
1166,TRA:CAVGLQTGGFKTLF,1,0.0%
1167,TRA:CAVGGSNYKLTX,1,0.0%
1168,TRA:CAVGGATNKLIF,1,0.0%
1169,TRA:CAVGAYSSASKIIX,1,0.0%
1170,TRA:CAVKMVDSNYQLIW,1,0.0%
1171,TRA:CAVMDSNYQLIW,1,0.0%
1172,TRA:CAVQAYDSGAGSYQLTF,1,0.0%
1173,TRA:CAVNYGGSQGNLIF,1,0.0%
1174,TRA:CAVQARGGATNKLIF,1,0.0%
1175,TRA:CAVQAGNTPLVF,1,0.0%
1176,TRA:CAVPVNYGQNFVF,1,0.0%
1177,TRA:CAVPLGGGYQKVTF,1,0.0%
1178,TRA:CAVPGYYGQNFVF,1,0.0%
1179,TRA:CAVPGNHGQNFVF,1,0.0%
1180,TRA:CAVNVVPSNYKLTF,1,0.0%
1181,TRA:CAVNENSNYQLIW,1,0.0%
1182,TRA:CAVNMESGNQFFF,1,0.0%
1183,TRA:CAVNMESGKQFYF,1,0.0%
1184,TRA:CAVNLEYVNQFYF,1,0.0%
1185,TRA:CAVNKAGGTSYGKLTX,1,0.0%
1186,TRA:CAVNIPYGGSQGNLIF,1,0.0%
1187,TRA:CAVNIESGNQLYF,1,0.0%
1188,TRA:CAVTGYSSASKIIF,1,0.0%
1189,TRA:CAVTPAGFQKLVX,1,0.0%
1190,TRA:CAVTPAGFQRLVF,1,0.0%
1191,TRA:CTESIRQQAGTALIF,1,0.0%
1192,TRA:CVSVGSNYKLKF,1,0.0%
1193,TRA:CVGTSAGGSYIPTX,1,0.0%
1194,TRA:CVESIRQQAGTALIX,1,0.0%
1195,TRA:CVARRLRTGGSYIPTF,1,0.0%
1196,TRA:CTVLKAAGNKLTF,1,0.0%
1197,TRA:CTTGFQKLVF,1,0.0%
1198,TRA:CSVRDFGGATNKLIF,1,0.0%
1199,TRA:CVVRVDSNYQLFW,1,0.0%
1200,TRA:CSVDPQNSGNQFYF,1,0.0%
1201,TRA:CSTVYGGATNKLIF,1,0.0%
1202,TRA:CSMKWGGGADGLTF,1,0.0%
1203,TRA:CSLGAGGTSFGKLTF,1,0.0%
1204,TRA:CSENYGGSQGNLII,1,0.0%
1205,TRA:CSATPSNTGKLIF,1,0.0%
1206,TRA:CVVRVDSKYQLIW,1,0.0%
1207,TRA:CVVSAGSGTYKYIF,1,0.0%
1208,TRA:CAVTSYNQGGKLIF,1,0.0%
1209,TRA:CVVSPSYIPYF,1,0.0%
1210,TRB:CAIKGGRGLSTDTQYF,1,0.0%
1211,TRB:CAIKGARDYNEQFF,1,0.0%
1212,TRB:CAGSGQGDTGELFF,1,0.0%
1213,TRB:CACSYLGQNTEAFF,1,0.0%
1214,TRB:CACSLVGNTGSTVELFF,1,0.0%
1215,TRA:CVVVSGGYQKVTF,1,0.0%
1216,TRA:CVVSEPDSNYQLIW,1,0.0%
1217,TRA:CVVSARDSSASKILF,1,0.0%
1218,TRA:CVVSDRTGGFKTIF,1,0.0%
1219,TRA:CVVSDNAGNMLTX,1,0.0%
1220,TRA:CVVSDGGSNDYTLSF,1,0.0%
1221,TRA:CVVSCGYNKLIF,1,0.0%
1222,TRA:CVVSASFGNEKLTF,1,0.0%
1223,TRA:CVVSASDSSASKIIF,1,0.0%
1224,TRA:CSASYRISQGNLIF,1,0.0%
1225,TRA:CSAMDSNYQLIW,1,0.0%
1226,TRA:CLVLKTGGVNKLTF,1,0.0%
1227,TRA:CDSMDSNYQLIW,1,0.0%
1228,TRA:CILRPIAGGTSYGKLTF,1,0.0%
1229,TRA:CGTEANFGNEKLTX,1,0.0%
1230,TRA:CGAVPSNDYKLSF,1,0.0%
1231,TRA:CEMRANFPGGTSYGKLTF,1,0.0%
1232,TRA:CEFGGGGFKTIF,1,0.0%
1233,TRA:CDVGTTSGTYKYIF,1,0.0%
1234,TRA:CAYRSFYTGANSKLKF,1,0.0%
1235,TRA:CLVLKTGGGYKLTF,1,0.0%
1236,TRA:CAYRNAFQGGSENLVF,1,0.0%
1237,TRA:CAYRFPLKTEKLVX,1,0.0%
1238,TRA:CAVWFTGNQFYF,1,0.0%
1239,TRA:CAVVDSNYNLFL,1,0.0%
1240,TRA:CAVVDSIYQLIW,1,0.0%
1241,TRA:CAVVDQGGKLIF,1,0.0%
1242,TRA:CILSVRSGSSNTGKLIF,1,0.0%
1243,TRA:CIVRGDTYAGKSSF,1,0.0%
1244,TRA:CIVRTNSGGSNYKLTF,1,0.0%
1245,TRA:CIVRVANRAAGNKISF,1,0.0%
1246,TRA:CIVRVAVRMIKAAGNKLTF,1,0.0%
1247,TRA:CIVRVGVRGFKTIF,1,0.0%
1248,TRA:CIVSRKTGANNLFX,1,0.0%
1249,TRA:CIVTGDTNAGNSTF,1,0.0%
1250,TRA:CIVTGSSNTGKLIF,1,0.0%
1251,TRA:CLETDKLIF,1,0.0%
1252,TRA:CLVEGDSSYKLIF,1,0.0%
1253,TRA:CLVGDIAAGNKLSF,1,0.0%
1254,TRA:CLVGDIAAVNKLTF,1,0.0%
1255,TRA:CLVGDRANDYNLSF,1,0.0%
1256,TRA:CLVGDRTGSASQLTF,1,0.0%
1257,TRA:CLVGLAYSGAGSYQLTF,1,0.0%
1258,TRA:CLVGPWRDGGSQGNLIF,1,0.0%
1259,TRA:CAVGATSGTYKYIX,1,0.0%
1260,TRA:CAVGAHNNNDMRF,1,0.0%
1261,TRA:CAVGAGDDKIIX,1,0.0%
1262,TRA:CAEKRKAGGSYILTF,1,0.0%
1263,TRA:CAENIDRGSTLGRLYF,1,0.0%
1264,TRA:CAENGVWYAGQIFVF,1,0.0%
1265,TRA:CAENFGGSQGNLIF,1,0.0%
1266,TRA:CAENAGNMLTF,1,0.0%
1267,TRA:CAEKRKAGGSYIPTS,1,0.0%
1268,TRA:CAEKRKAGGSYIPTI,1,0.0%
1269,TRA:CAEKDTGFQKLVF,1,0.0%
1270,TRA:CAENYGGSKGNLIF,1,0.0%
1271,TRA:CAEASQRGGKLIF,1,0.0%
1272,TRA:CAEAFTGTASTLTC,1,0.0%
1273,TRA:CACTDNYGQYFVF,1,0.0%
1274,TRA:CACLRGGATNKLIF,1,0.0%
1275,TRA:CAAYMFYNQGGKLIF,1,0.0%
1276,TRA:CAASYRISQGNLIX,1,0.0%
1277,TRA:CAENNNAGNMLTF,1,0.0%
1278,TRA:CAENYGGSQGILIF,1,0.0%
1279,TRA:CAGETGGFKTNF,1,0.0%
1280,TRA:CAFNTNAGKSTF,1,0.0%
1281,TRA:CAGATPGTYKYIF,1,0.0%
1282,TRA:CAGARGAQKLVF,1,0.0%
1283,TRA:CAGAQGGSEKLVF,1,0.0%
1284,TRA:CAGADNNDMRF,1,0.0%
1285,TRA:CAGAAGNNRKLIW,1,0.0%
1286,TRA:CAFSRGWGGGADGLTF,1,0.0%
1287,TRA:CAFGGGGFKSMF,1,0.0%
1288,TRA:CAENYGGSQGSLIF,1,0.0%
1289,TRA:CAFGGGGFKNIF,1,0.0%
1290,TRA:CAFDRGSTLGRLFF,1,0.0%
1291,TRA:CAETLHQGGKLIF,1,0.0%
1292,TRA:CAERPPSGGYQKVTF,1,0.0%
1293,TRA:CAEREVTGGGNKLTF,1,0.0%
1294,TRA:CAENYGVSQGNLIF,1,0.0%
1295,TRA:CAASYLISQGNLIF,1,0.0%
1296,TRA:CAASYLISQGNFIF,1,0.0%
1297,TRA:CAASTTTGANSKLTF,1,0.0%
1298,TRA:CAANRADQAGTALIF,1,0.0%
1299,TRA:CAARGNNGNQFYF,1,0.0%
1300,TRA:CAAQGDSSYKLIF,1,0.0%
1301,TRA:CAAPPPSSGSARQLTF,1,0.0%
1302,TRA:CAAPKIKAAGNKLTX,1,0.0%
1303,TRA:CAAPGGSYIPTF,1,0.0%
1304,TRA:CAANSNNAGKSTF,1,0.0%
1305,TRA:CAANLEGYSTLTF,1,0.0%
1306,TRA:CAASTGNQFYF,1,0.0%
1307,TRA:CAAMDSYYQLIW,1,0.0%
1308,TRA:CAAMDINYQLIC,1,0.0%
1309,TRA:CAAMASNYQLIW,1,0.0%
1310,TRA:CAAIAFSDGQKLLF,1,0.0%
1311,TRA:CAAGAGNMLTF,1,0.0%
1312,TRA:CAACYRISQGNLIF,1,0.0%
1313,TRA:CAARGNTGNQFYX,1,0.0%
1314,TRA:CAARGNTGTQFYF,1,0.0%
1315,TRA:CAARVGGTSYGKLTF,1,0.0%
1316,TRA:CAARVYSTLTF,1,0.0%
1317,TRA:CAASAPGANSKLTF,1,0.0%
1318,TRA:CAASEAYNTDKLIF,1,0.0%
1319,TRA:CAASEVRDDKIIF,1,0.0%
1320,TRA:CAASGDPGGGNKLTF,1,0.0%
1321,TRA:CAASGDSGTYKYIF,1,0.0%
1322,TRA:CAASGGNVLHC,1,0.0%
1323,TRA:CAASKAAGNKLTF,1,0.0%
1324,TRA:CAASKHTGYQFYF,1,0.0%
1325,TRA:CAASKVGSSGDKLTF,1,0.0%
1326,TRA:CAASLLTDMLIF,1,0.0%
1327,TRA:CAASLLTDNLIF,1,0.0%
1328,TRA:CAASMLTDKLIF,1,0.0%
1329,TRA:CAASTADNAGNMLTX,1,0.0%
1330,TRA:CAGDEGNFNKFYF,1,0.0%
1331,TRA:CAGHPGRVTGGGNKLTF,1,0.0%
1332,TRA:CAVGADSGGYQKVTX,1,0.0%
1333,TRA:CAMSEVLGGKLIF,1,0.0%
1334,TRA:CASKYSGSGCFQLTF,1,0.0%
1335,TRA:CASKYSGAGSYQLTX,1,0.0%
1336,TRA:CASIGEYGNELVF,1,0.0%
1337,TRA:CARGGKLIX,1,0.0%
1338,TRA:CANNTGNHFYF,1,0.0%
1339,TRA:CAMSNSGCSNYKLTF,1,0.0%
1340,TRA:CAMRGWAGNQFFF,1,0.0%
1341,TRA:CATFSTGNQFYF,1,0.0%
1342,TRA:CAMRGRNTGGFKTIF,1,0.0%
1343,TRA:CAMRFRGSTLGRIYF,1,0.0%
1344,TRA:CAMREVNQGGKLIF,1,0.0%
1345,TRA:CAMRETILVRLYF,1,0.0%
1346,TRA:CAMRERGNNRKLIW,1,0.0%
1347,TRA:CAMREPRNTGKLIX,1,0.0%
1348,TRA:CASSIQGAQKLVF,1,0.0%
1349,TRA:CATLNTDKLIF,1,0.0%
1350,TRA:CAGKGCGNLFYF,1,0.0%
1351,TRA:CAVEPFTSGTYKYIF,1,0.0%
1352,TRA:CAVGADSGGYQKVTI,1,0.0%
1353,TRA:CAVGADSGGYQKFTF,1,0.0%
1354,TRA:CAVESNNDMRF,1,0.0%
1355,TRA:CAVEPQNTGNQFYX,1,0.0%
1356,TRA:CAVEPQNTGNKFYF,1,0.0%
1357,TRA:CAVEPQNTGIQFYF,1,0.0%
1358,TRA:CAVEGSSASKIIL,1,0.0%
1359,TRA:CATLPTGGGNKLTF,1,0.0%
1360,TRA:CAVEDQTGANNLLF,1,0.0%
1361,TRA:CAVADDYLLSF,1,0.0%
1362,TRA:CATVYGGATNKVIF,1,0.0%
1363,TRA:CATVYGGATIKLFF,1,0.0%
1364,TRA:CATVVNTGNQFYF,1,0.0%
1365,TRA:CATSVIYIPTF,1,0.0%
1366,TRA:CAMREPILGWLYF,1,0.0%
1367,TRA:CAMREPILGRLFF,1,0.0%
1368,TRA:CAMREPILGRIYF,1,0.0%
1369,TRA:CALGCVGFKTIF,1,0.0%
1370,TRA:CALLLGNQGGELIF,1,0.0%
1371,TRA:CALKGSASKIIL,1,0.0%
1372,TRA:CALGSSNTGKLIF,1,0.0%
1373,TRA:CALGGGGFKTIX,1,0.0%
1374,TRA:CALGGGGFKTFF,1,0.0%
1375,TRA:CALGGDTDKLIF,1,0.0%
1376,TRA:CALFSGGYNKLIF,1,0.0%
1377,TRA:CAMREPILGGLYF,1,0.0%
1378,TRA:CAISRTLT,1,0.0%
1379,TRA:CAIGGGGFKTIF,1,0.0%
1380,TRA:CAHVDSNYQLIX,1,0.0%
1381,TRA:CAGVRRGKLVF,1,0.0%
1382,TRA:CAGRRNAGNMLTF,1,0.0%
1383,TRA:CAGPGSNYQLIW,1,0.0%
1384,TRA:CALPFSGGSYIPPF,1,0.0%
1385,TRA:CALRGGATNKLIF,1,0.0%
1386,TRA:CALSDLTNAGKSTF,1,0.0%
1387,TRA:CALSDRSDMRX,1,0.0%
1388,TRA:CALSDRTNAGKSTX,1,0.0%
1389,TRA:CALSGVWNAGNMLTF,1,0.0%
1390,TRA:CALSSARQLTF,1,0.0%
1391,TRA:CALSYKSWSGTAMIF,1,0.0%
1392,TRA:CALTGNTGKLIF,1,0.0%
1393,TRA:CALVCGGFKTIF,1,0.0%
1394,TRA:CALVGGGFKSIF,1,0.0%
1395,TRA:CALVGGGFKTIX,1,0.0%
1396,TRA:CALYNTDKLIF,1,0.0%
1397,TRA:CAMIWGGGADGLTF,1,0.0%
1398,TRA:CAMRANFPGGTIYGKLKF,1,0.0%
1399,TRA:CAMRDGPGNTPLVL,1,0.0%
1400,TRA:CAMREGRLSGGSQGNLIF,1,0.0%
1401,TRB:CAIQASGVNVLTF,1,0.0%
1402,TRB:CAISDRGTGETQYF,1,0.0%
1403,TRB:CASSPRTGGLYEQYF,1,0.0%
1404,TRB:CASSLGSGNTIYX,1,0.0%
1405,TRB:CASSLLQAGGGEQFF,1,0.0%
1406,TRB:CASSLLAENTGELFF,1,0.0%
1407,TRB:CASSLKAGWGEQFF,1,0.0%
1408,TRB:CASSLGVLADSYEQYX,1,0.0%
1409,TRB:CASSLGTGGVYNEQFF,1,0.0%
1410,TRB:CASSLGTGGSGNTIYF,1,0.0%
1411,TRB:CASSLGREYSEQYL,1,0.0%
1412,TRB:CASSLMGELAKNIQYF,1,0.0%
1413,TRB:CASSLGQYQETQYX,1,0.0%
1414,TRB:CASSLGQREGYNEQFF,1,0.0%
1415,TRB:CASSLGPVNGAFF,1,0.0%
1416,TRB:CASSLGPTGNSPLHF,1,0.0%
1417,TRB:CASSLGPSRTDHYGYTX,1,0.0%
1418,TRB:CASSLGPGNGAFX,1,0.0%
1419,TRB:CASSLLVNSPLHF,1,0.0%
1420,TRB:CASSLNGAYDSPLHF,1,0.0%
1421,TRB:CASSLGIGGGPGNEQFF,1,0.0%
1422,TRB:CASSLRHETNVKLFF,1,0.0%
1423,TRB:CASSLSPLGRTDTQYF,1,0.0%
1424,TRB:CASSLSPGWDSNNQSF,1,0.0%
1425,TRB:CASSLSGFNDNEQFF,1,0.0%
1426,TRB:CASSLRRGQGLYTGELFC,1,0.0%
1427,TRB:CASSLRPGIYNEQFF,1,0.0%
1428,TRB:CASSLRLVGLASPYEQYF,1,0.0%
1429,TRB:CASSLRGSTDTQYF,1,0.0%
1430,TRB:CASSLNTGEPFF,1,0.0%
1431,TRB:CASSLRGIQPQHL,1,0.0%
1432,TRB:CASSLRGAREKMFF,1,0.0%
1433,TRB:CASSLRGAREKLSF,1,0.0%
1434,TRB:CASSLRGAREKLFX,1,0.0%
1435,TRB:CASSLREGIYNEQFF,1,0.0%
1436,TRB:CASSLRAANTGELFF,1,0.0%
1437,TRB:CASSLGPGGEQYF,1,0.0%
1438,TRB:CASSLGGSRSYEQYX,1,0.0%
1439,TRB:CAISDTSYEQYX,1,0.0%
1440,TRB:CASSLAIRGNTEAFF,1,0.0%
1441,TRB:CASSLDETSNYGYTF,1,0.0%
1442,TRB:CASSLAWGNEHFF,1,0.0%
1443,TRA:CAAAYGNNRLAF,1,0.0%
1444,TRB:CASSLATGDGNTIYF,1,0.0%
1445,TRB:CASSLASGLRTDTQYF,1,0.0%
1446,TRB:CASSLARDRGRAEKLFF,1,0.0%
1447,TRB:CASSLAGVTDEQYF,1,0.0%
1448,TRB:CASSLDHSGNTIYF,1,0.0%
1449,TRB:CASSLAGTAETQYX,1,0.0%
1450,TRB:CASSLAGTAETQSF,1,0.0%
1451,TRB:CASSLAGISYNEQFX,1,0.0%
1452,TRB:CASSLAGGEETQYF,1,0.0%
1453,TRB:CASSLADSGSTDTQYF,1,0.0%
1454,TRB:CASSKGAVLSTDTQYF,1,0.0%
1455,TRB:CASSLDGGSPYEQYF,1,0.0%
1456,TRB:CASSLDPGASSSGANVLTF,1,0.0%
1457,TRB:CASSLGGSRSYEQFF,1,0.0%
1458,TRB:CASSLEGRGLGTQYF,1,0.0%
1459,TRB:CASSLGGSRSYELYF,1,0.0%
1460,TRB:CASSLGGNTEAFF,1,0.0%
1461,TRB:CASSLGGGSTDTQYF,1,0.0%
1462,TRB:CASSLFGNTWTTVELFF,1,0.0%
1463,TRB:CASSLERETYEQYF,1,0.0%
1464,TRB:CASSLEGRGPYEQYF,1,0.0%
1465,TRB:CASSLEGGSRGAQYF,1,0.0%
1466,TRB:CASSLDPIPTTGYTF,1,0.0%
1467,TRB:CASSLEGFPSLGYTF,1,0.0%
1468,TRB:CASSLDRHQEAQYF,1,0.0%
1469,TRB:CASSLDRGGQPQHX,1,0.0%
1470,TRB:CASSLDQPQHF,1,0.0%
1471,TRB:CASSLDQGARYTQYF,1,0.0%
1472,TRB:CASSLDPRYEQFF,1,0.0%
1473,TRB:CASSLSRYSNQPQHF,1,0.0%
1474,TRB:CASSLTFTAQYF,1,0.0%
1475,TRB:CASSLTGAGELFF,1,0.0%
1476,TRB:CASSPHLNTEAFF,1,0.0%
1477,TRB:CASSPLLALGSEQYF,1,0.0%
1478,TRB:CASSPLGYYTEAFF,1,0.0%
1479,TRB:CASSPLESVPRTEAFX,1,0.0%
1480,TRB:CASSPLESVPRSEAFF,1,0.0%
1481,TRB:CASSPLAGGIDTQYX,1,0.0%
1482,TRB:CASSPIRRVEAFF,1,0.0%
1483,TRB:CASSPGQSPHYEQFF,1,0.0%
1484,TRB:CASSPLPLAGGWDELFF,1,0.0%
1485,TRB:CASSPGQSPHNEQFX,1,0.0%
1486,TRB:CASSPGQSPHNEQFV,1,0.0%
1487,TRB:CASSPGQGVQDTQYF,1,0.0%
1488,TRB:CASSPGQGAEQYF,1,0.0%
1489,TRB:CASSPGLAGSYNEQFF,1,0.0%
1490,TRB:CASSPGHPQETQYL,1,0.0%
1491,TRB:CASSPLPLAGGCDEQFF,1,0.0%
1492,TRB:CASSPNLRGSSYNEQFF,1,0.0%
1493,TRB:CASSLTGRTYEQYF,1,0.0%
1494,TRB:CASSPRLALGSEQFF,1,0.0%
1495,TRB:CASSPRQENTGELFF,1,0.0%
1496,TRB:CASSPRMTSGLHEQYX,1,0.0%
1497,TRB:CASSPRMTSGLHDQDI,1,0.0%
1498,TRB:CASSPRMSSGLHEQYF,1,0.0%
1499,TRB:CASSPRLASGIETTEQFF,1,0.0%
1500,TRB:CASSPRLALGSEQYX,1,0.0%
1501,TRB:CASSPRGHTGELFF,1,0.0%
1502,TRB:CASSPNRGHEQFF,1,0.0%
1503,TRB:CASSPRASGANVLTX,1,0.0%
1504,TRB:CASSPQGNMNTAAYF,1,0.0%
1505,TRB:CASSPPWGSYGYTX,1,0.0%
1506,TRB:CASSPPTGGYEQYX,1,0.0%
1507,TRB:CASSPPSGVFSYEQYF,1,0.0%
1508,TRB:CASSPPSGDWAETQYF,1,0.0%
1509,TRB:CASSPGESLRDTQYF,1,0.0%
1510,TRB:CASSPGDRNDIQYX,1,0.0%
1511,TRB:CASSPGDRNDIQFF,1,0.0%
1512,TRB:CASSLVGGDTEAFX,1,0.0%
1513,TRB:CASSLVRDDEQFF,1,0.0%
1514,TRB:CASSLVNNNEQFF,1,0.0%
1515,TRB:CASSLVGTATEAFX,1,0.0%
1516,TRB:CASSLVGSTGTTGELFF,1,0.0%
1517,TRB:CASSLVGNTGTTGELIF,1,0.0%
1518,TRB:CASSLVGNTGTNGELFF,1,0.0%
1519,TRB:CASSLVGDTGTTGELFF,1,0.0%
1520,TRB:CASSPEGNEQFX,1,0.0%
1521,TRB:CASSLVAGGVGTEAFF,1,0.0%
1522,TRB:CASSLVAGGMRRNTEAFF,1,0.0%
1523,TRB:CASSLVAGGMRRNAEAFF,1,0.0%
1524,TRB:CASSLTSGQKETQYF,1,0.0%
1525,TRB:CASSLTRQGAGSPLHF,1,0.0%
1526,TRB:CASSLTGVNTGELFF,1,0.0%
1527,TRB:CASSLVRNTGTTGELFF,1,0.0%
1528,TRB:CASSLVSLSGTVNTEAFF,1,0.0%
1529,TRB:CASSLVVPGLSTEAFF,1,0.0%
1530,TRB:CASSLYENTEAFY,1,0.0%
1531,TRB:CASSMGHYEQYF,1,0.0%
1532,TRB:CASSMGLEGEQFF,1,0.0%
1533,TRB:CASSNIDTEAFF,1,0.0%
1534,TRB:CASSNIHTEAFX,1,0.0%
1535,TRB:CASSNIITEAFF,1,0.0%
1536,TRB:CASSNIKTDAFF,1,0.0%
1537,TRB:CASSNINAEAFF,1,0.0%
1538,TRB:CASSNINTKAFX,1,0.0%
1539,TRB:CASSNINTVAFF,1,0.0%
1540,TRB:CASSNTNTEAFF,1,0.0%
1541,TRB:CASSPDAAGYEQYF,1,0.0%
1542,TRB:CASSPDRGPGELFC,1,0.0%
1543,TRB:CASSPDRGTGNTIYF,1,0.0%
1544,TRB:CASSIVAGGMDTQYX,1,0.0%
1545,TRB:CASSIVAGGMDTLYF,1,0.0%
1546,TRB:CASSIVAGGIDTQYF,1,0.0%
1547,TRB:CASNTSGSDTGELFF,1,0.0%
1548,TRB:CASREGGKRETGELFX,1,0.0%
1549,TRB:CASREALGGTDTQYX,1,0.0%
1550,TRB:CASRAPGAFYEQYF,1,0.0%
1551,TRB:CASRAGTGRGETLYF,1,0.0%
1552,TRB:CASRAGSSGYEQYF,1,0.0%
1553,TRB:CASNYGLAGTYEQYF,1,0.0%
1554,TRB:CASNSRTSNSPLHX,1,0.0%
1555,TRB:CASRGRTDTQYF,1,0.0%
1556,TRB:CASNPSGRGPTQYF,1,0.0%
1557,TRB:CASNGRTDSYELYF,1,0.0%
1558,TRB:CASNGLAGGTLQETQYF,1,0.0%
1559,TRB:CASNEAQVTDTQYF,1,0.0%
1560,TRB:CASLHDRNYGYNEQFF,1,0.0%
1561,TRB:CASLEGGWPVAFF,1,0.0%
1562,TRB:CASRGGADTQYF,1,0.0%
1563,TRB:CASRIAGDQETQYX,1,0.0%
1564,TRB:CASRWGLGTQYF,1,0.0%
1565,TRB:CASRPGVQGEVTDTQYX,1,0.0%
1566,TRB:CASRSGTSGKVDTQYF,1,0.0%
1567,TRB:CASRRYWEGNTEAFF,1,0.0%
1568,TRB:CASRPVTANTGELFF,1,0.0%
1569,TRB:CASRPTGVRGTEAFF,1,0.0%
1570,TRB:CASRPRGGSYIEAFF,1,0.0%
1571,TRB:CASRPRGGATGNERFF,1,0.0%
1572,TRB:CASRPGVQGESTDTQYF,1,0.0%
1573,TRB:CASRIQRELETQYF,1,0.0%
1574,TRB:CASRPGTANTGELSF,1,0.0%
1575,TRB:CASRPGQVPGELFF,1,0.0%
1576,TRB:CASRNRQEQYF,1,0.0%
1577,TRB:CASRLYAGEADTEFF,1,0.0%
1578,TRB:CASRLGVSKNIQYF,1,0.0%
1579,TRB:CASRLDRLNTEAFF,1,0.0%
1580,TRB:CASISDGYYEQYF,1,0.0%
1581,TRB:CASIPNSFGELFF,1,0.0%
1582,TRB:CASIPGQGDYNEQFX,1,0.0%
1583,TRB:CAISTIGSRDTHYF,1,0.0%
1584,TRB:CANTSIGRSYNEQFF,1,0.0%
1585,TRB:CANSNINTEAFF,1,0.0%
1586,TRB:CANSFYRGEWFTDTQYF,1,0.0%
1587,TRB:CAISYLGLNTEAFF,1,0.0%
1588,TRB:CAISVFGASTDTQYF,1,0.0%
1589,TRB:CAISTMGSRDTQYF,1,0.0%
1590,TRB:CAISSNTEAFF,1,0.0%
1591,TRB:CASGTVYAQHF,1,0.0%
1592,TRB:CAISQDRGTGNTIYF,1,0.0%
1593,TRB:CAISLLAANTGELFF,1,0.0%
1594,TRB:CAISHTGVRPEAFF,1,0.0%
1595,TRB:CAISEPTSQFYNEQFX,1,0.0%
1596,TRB:CAISEPTSEFYNEQFF,1,0.0%
1597,TRB:CAISEPSSQFYNEQFF,1,0.0%
1598,TRB:CARSASGRLSF,1,0.0%
1599,TRB:CARSFVGQRYEQYF,1,0.0%
1600,TRB:CARSSTGRVPEQYF,1,0.0%
1601,TRB:CARTPRGVSGNNEQFF,1,0.0%
1602,TRB:CARTSIGRSYNEQFF,1,0.0%
1603,TRB:CASADRTGGRSRLAVRREQFF,1,0.0%
1604,TRB:CASCQVEVSYF,1,0.0%
1605,TRB:CASCSGFPANTEAFF,1,0.0%
1606,TRB:CASENEQFF,1,0.0%
1607,TRB:CASGIAGTSASYEQYF,1,0.0%
1608,TRB:CASGLGTDADTQYF,1,0.0%
1609,TRB:CASGLWGPFYEQYF,1,0.0%
1610,TRB:CASGPRETGLYGYTF,1,0.0%
1611,TRB:CASGQDISYEQYX,1,0.0%
1612,TRB:CASGSGTEGTQYF,1,0.0%
1613,TRB:CASGTADEQFF,1,0.0%
1614,TRB:CASGTSGNTIYF,1,0.0%
1615,TRB:CASRTTAQNEKLFF,1,0.0%
1616,TRB:CASSADRGNEQFF,1,0.0%
1617,TRB:CASSISSRAGGPGTDTQYF,1,0.0%
1618,TRB:CASSFQQGVVTQYF,1,0.0%
1619,TRB:CASSFVSNFDEQFF,1,0.0%
1620,TRB:CASSFVARVRLAGASDTQYF,1,0.0%
1621,TRB:CASSFVANFDEQFX,1,0.0%
1622,TRB:CASSFSQGEINIQYF,1,0.0%
1623,TRB:CASSFRRQGGETQYF,1,0.0%
1624,TRB:CASSFRGGDGYSF,1,0.0%
1625,TRB:CASSFQQGVGTQYX,1,0.0%
1626,TRB:CASSGANYGYTF,1,0.0%
1627,TRB:CASSFQQGAGAQYF,1,0.0%
1628,TRB:CASSFQHGVGTQYF,1,0.0%
1629,TRB:CASSFPLTDTQYF,1,0.0%
1630,TRB:CASSFLRGPGQPQHF,1,0.0%
1631,TRB:CASSFLPTYEQYX,1,0.0%
1632,TRB:CASSFLGTSGRLGTQYF,1,0.0%
1633,TRB:CASSFYRGEWSTDTQYF,1,0.0%
1634,TRB:CASSGGLPKEEQYX,1,0.0%
1635,TRB:CASSAGRGYGYTF,1,0.0%
1636,TRB:CASSHGTGGYGYTF,1,0.0%
1637,TRB:CASSIRGDRVNTEAFF,1,0.0%
1638,TRB:CASSHWENEEFF,1,0.0%
1639,TRB:CASSHSGNTIYF,1,0.0%
1640,TRB:CASSHRGLSTNTGELFF,1,0.0%
1641,TRB:CASSHPTSPLHF,1,0.0%
1642,TRB:CASSHHRDGANVLTF,1,0.0%
1643,TRB:CASSHGQGATNEKLFX,1,0.0%
1644,TRB:CASSGLAGGGDEQFX,1,0.0%
1645,TRB:CASSGVREDVELFF,1,0.0%
1646,TRB:CASSGSVGFCTEAFF,1,0.0%
1647,TRB:CASSGSADEAFF,1,0.0%
1648,TRB:CASSGRLAGDWYEQYF,1,0.0%
1649,TRB:CASSGQGDTGELIF,1,0.0%
1650,TRB:CASSGLNSPLHF,1,0.0%
1651,TRB:CASSFHLLAGGPGEQFX,1,0.0%
1652,TRB:CASSFGTGWSSTTEKLFF,1,0.0%
1653,TRB:CASSFGQKEAFF,1,0.0%
1654,TRB:CASSASGRPSF,1,0.0%
1655,TRB:CASSDSSGPSVGNEQFF,1,0.0%
1656,TRB:CASSDSRQGNTEAFX,1,0.0%
1657,TRB:CASSDPSGPSVGNEQFL,1,0.0%
1658,TRB:CASSDGNIQDF,1,0.0%
1659,TRB:CASSAWKAGREKLFF,1,0.0%
1660,TRB:CASSASTAGREKLFF,1,0.0%
1661,TRB:CASSASGRLPF,1,0.0%
1662,TRB:CASSFGLTDTQYF,1,0.0%
1663,TRB:CASSASEEQFX,1,0.0%
1664,TRB:CASSARTAGSEKLIF,1,0.0%
1665,TRB:CASSARTAGRENLFF,1,0.0%
1666,TRB:CASSARTAGREKPFF,1,0.0%
1667,TRB:CASSARTAGHEKLFF,1,0.0%
1668,TRB:CASSAGTGRGETQYC,1,0.0%
1669,TRB:CASSEALGGTDTRYF,1,0.0%
1670,TRB:CASSEARGSNQPQHF,1,0.0%
1671,TRB:CASSEARTAGNTINF,1,0.0%
1672,TRB:CASSEARTAGNTIYX,1,0.0%
1673,TRB:CASSEGGATAGNTIYF,1,0.0%
1674,TRB:CASSEGGDFSPLHF,1,0.0%
1675,TRB:CASSEGISRANVLTF,1,0.0%
1676,TRB:CASSEGTEQESQYF,1,0.0%
1677,TRB:CASSEGTEQETQYX,1,0.0%
1678,TRB:CASSEGVSGNTIYX,1,0.0%
1679,TRB:CASSEKFWGELFX,1,0.0%
1680,TRB:CASSEQLAGGGEQFF,1,0.0%
1681,TRB:CASSFAGLPYEQYX,1,0.0%
1682,TRB:CASSFAIAGVYEQYF,1,0.0%
1683,TRB:CASSFEQPQHF,1,0.0%
1684,TRB:CASSFFAGRGPDTQYF,1,0.0%
1685,TRB:CASSFGGGTEAFF,1,0.0%
1686,TRB:CASSLAWGIEQFF,1,0.0%
