clonotype_id,frequency,proportion,cdr3s_aa,cdr3s_nt
clonotype1,83,0.05962643678160919,IGH:CARDRGYYGNYEGAYW;IGK:CFQSNYFPYTF,IGH:TGTGCAAGAGATCGGGGCTACTATGGTAACTACGAAGGTGCTTACTGG;IGK:TGCTTCCAGAGTAACTATTTTCCGTACACGTTC
clonotype2,74,0.05316091954022988,IGH:CAKHGNYVVDYW;IGK:CQQFTSSPYTF,IGH:TGTGCCAAACATGGTAACTACGTAGTTGACTACTGG;IGK:TGCCAGCAGTTTACTAGTTCCCCGTACACGTTC
clonotype3,69,0.04956896551724138,IGH:CARSPYYFDYW;IGK:CWQSTHFPWTF,IGH:TGTGCAAGATCTCCTTACTACTTTGACTACTGG;IGK:TGCTGGCAAAGTACACATTTTCCGTGGACGTTC
clonotype4,63,0.04525862068965517,IGH:CARNYGSSLFAYW,IGH:TGTGCAAGAAACTACGGTAGTAGCTTGTTTGCTTACTGG
clonotype5,61,0.04382183908045977,IGH:CARPDGNPYAMDYW;IGK:CQQWSSHPFTF,IGH:TGTGCAAGACCGGATGGTAACCCCTATGCTATGGACTACTGG;IGK:TGCCAGCAGTGGAGTAGTCACCCATTCACGTTC
clonotype6,49,0.035201149425287355,IGK:CMQHLEYPFTF,IGK:TGTATGCAACATCTAGAATATCCGTTCACGTTC
clonotype7,45,0.032327586206896554,IGH:CARTTVLTKGFDYW;IGL:CALWYSNHLVF,IGH:TGTGCGAGAACTACGGTGCTAACTAAGGGCTTTGACTACTGG;IGL:TGTGCTCTATGGTACAGCAACCATTTGGTGTTC
clonotype8,35,0.02514367816091954,IGH:CARLFGNYLDYW;IGK:CLQVTHVPFTF,IGH:TGTGCAAGATTGTTTGGTAACTACCTTGACTACTGG;IGK:TGCCTCCAAGTTACACATGTCCCATTCACGTTC
clonotype9,30,0.021551724137931036,IGH:CAKREDSSGYGWFAYW;IGK:CSQSTHVPTF,IGH:TGTGCCAAAAGGGAAGACAGCTCGGGCTACGGCTGGTTTGCTTACTGG;IGK:TGCTCTCAAAGTACACATGTTCCCACGTTC
clonotype10,28,0.020114942528735632,IGH:CMRYDGYYWYFDVW;IGK:CLQHGESPLTF,IGH:TGTATGAGATATGATGGTTACTACTGGTACTTCGATGTCTGG;IGK:TGTCTACAGCATGGTGAGAGCCCGCTCACGTTC
clonotype11,23,0.016522988505747127,IGH:CARDGNYYFDYW;IGL:CALWYSNHFWVF,IGH:TGTGCAAGAGATGGTAACTACTACTTTGACTACTGG;IGL:TGTGCTCTATGGTACAGCAACCATTTCTGGGTGTTC
clonotype12,23,0.016522988505747127,IGH:CAREGTTVVATYYFDYW;IGK:CQQWSSYPLTF,IGH:TGTGCAAGAGAGGGTACTACGGTAGTAGCTACGTACTACTTTGACTACTGG;IGK:TGTCAACAGTGGAGTAGTTACCCACTCACGTTC
clonotype13,23,0.016522988505747127,IGK:CHQYLSSRTF,IGK:TGTCATCAATACCTCTCCTCGCGCACGTTC
clonotype14,21,0.015086206896551725,IGH:CARDRGYSGNYEADYW;IGK:CMQHLEYPFTF,IGH:TGTGCAAGAGATCGGGGCTACTCTGGTAACTACGAAGCTGATTACTGG;IGK:TGTATGCAACATCTAGAATATCCTTTCACGTTC
clonotype15,19,0.013649425287356323,IGH:CARSRLPAWFAYW;IGK:CQQYSKLPWTF,IGH:TGTGCAAGATCACGGCTACCCGCCTGGTTTGCTTACTGG;IGK:TGTCAGCAGTATAGTAAGCTTCCGTGGACGTTC
clonotype16,18,0.01293103448275862,IGH:CARGYYRYDVRDYYAMDYW;IGK:CAQNLELPLTF,IGH:TGTGCCAGAGGCTACTATAGGTACGACGTTAGGGATTACTATGCTATGGACTACTGG;IGK:TGTGCTCAAAATCTAGAACTTCCGCTCACGTTC
clonotype17,17,0.01221264367816092,IGH:CARHWDAMDYW;IGK:CQQWSSYPYTF,IGH:TGTGCCAGACATTGGGATGCTATGGACTACTGG;IGK:TGTCAACAGTGGAGTAGTTACCCCTACACGTTC
clonotype18,15,0.010775862068965518,IGH:CALSTMITTGFAYW;IGK:CQQFLSIPYTF,IGH:TGTGCCCTATCTACTATGATTACGACGGGGTTTGCTTACTGG;IGK:TGTCAACAATTTTTGAGTATTCCGTACACGTTC
clonotype19,14,0.010057471264367816,IGH:CARNWESYWYFDVW;IGL:CALWYSTHYVF,IGH:TGTGCAAGAAACTGGGAAAGCTACTGGTACTTCGATGTCTGG;IGL:TGTGCTCTATGGTACAGCACCCATTATGTTTTC
clonotype20,14,0.010057471264367816,IGH:CARCDYDVEYFDYW;IGK:CSQSTHVPWTF,IGH:TGTGCAAGATGCGATTACGACGTAGAGTACTTTGACTACTGG;IGK:TGCTCTCAAAGTACACATGTTCCGTGGACGTTC
clonotype21,13,0.009339080459770116,IGH:CASYYYGSSYDAMDYW;IGK:CSQSTHVPTF,IGH:TGTGCAAGCTATTACTACGGTAGTAGCTACGATGCTATGGACTACTGG;IGK:TGCTCTCAAAGTACACATGTTCCCACGTTC
clonotype22,13,0.009339080459770116,IGH:CVRERYYGYFDYW;IGK:CQHSRELPLTF,IGH:TGTGTAAGAGAGAGGTACTACGGCTACTTTGACTACTGG;IGK:TGTCAGCACAGTAGGGAGCTTCCGCTCACGTTC
clonotype23,13,0.009339080459770116,IGH:CASFTTTGFAYW;IGK:CWQGTHFPQTF,IGH:TGTGCAAGCTTCACCACTACGGGGTTTGCTTACTGG;IGK:TGCTGGCAAGGTACACATTTTCCTCAGACGTTC
clonotype24,12,0.008620689655172414,IGH:CARNYGSGLFAYW;IGK:CSQSTHVPPTF,IGH:TGTGCAAGAAACTACGGTAGTGGCTTGTTTGCTTACTGG;IGK:TGCTCTCAAAGTACACATGTTCCTCCCACGTTC
clonotype25,12,0.008620689655172414,IGH:CAKNYYGSAMDYW;IGK:CQHSRELPFTF,IGH:TGTGCCAAAAATTACTACGGTAGTGCTATGGACTACTGG;IGK:TGTCAGCACAGTAGGGAGCTTCCATTCACGTTC
clonotype26,12,0.008620689655172414,IGH:CARNYGSSLFAYW;IGK:CSQSTHVPPTF,IGH:TGTGCAAGAAACTACGGTAGTAGCTTGTTTGCTTACTGG;IGK:TGTTCTCAAAGTACACATGTTCCGCCCACGTTC
clonotype27,10,0.007183908045977011,IGH:CAREDDYYYAMDYW;IGK:CHQYLSSRTF;IGK:CQQWSSYPLTF,IGH:TGTGCAAGGGAGGATGATTATTACTATGCTATGGACTACTGG;IGK:TGTCATCAATACCTCTCCTCGCGCACGTTC;IGK:TGTCAACAGTGGAGTAGTTACCCACTCACGTTC
clonotype28,9,0.00646551724137931,IGK:CLQYDEFPLTF,IGK:TGTCTACAGTATGATGAGTTTCCGCTCACGTTC
clonotype29,9,0.00646551724137931,IGH:CNALYGSGYFDVW;IGK:CSQSTHVPFTF,IGH:TGTAATGCCCTCTACGGGAGCGGTTACTTCGATGTCTGG;IGK:TGCTCTCAAAGTACACATGTTCCATTCACGTTT
clonotype30,9,0.00646551724137931,IGK:CQHSRELPFTF,IGK:TGTCAGCACAGTAGGGAGCTTCCATTCACGTTC
clonotype31,9,0.00646551724137931,IGK:CMQHLEYPLTF,IGK:TGTATGCAACATCTAGAATATCCGCTCACGTTC
clonotype32,9,0.00646551724137931,IGH:CARHGSSGFAYW;IGK:CLQYDEFPLTF,IGH:TGTGCAAGACACGGTAGTAGCGGGTTTGCTTACTGG;IGK:TGTCTACAGTATGATGAGTTTCCGCTCACGTTC
clonotype33,8,0.005747126436781609,IGH:CARRAMDYW;IGK:CLQYDEFPYTF,IGH:TGTGCAAGAAGGGCTATGGACTACTGG;IGK:TGTCTACAGTATGATGAGTTTCCGTACACGTTC
clonotype34,8,0.005747126436781609,IGH:CMRYDGYYWYFDVW,IGH:TGTATGAGATATGATGGTTACTACTGGTACTTCGATGTCTGG
clonotype35,8,0.005747126436781609,IGH:CARGYYGSFYAMDYW;IGK:CQQYSGYPLTF,IGH:TGTGCAAGAGGATACTACGGTAGTTTCTATGCTATGGACTACTGG;IGK:TGCCAGCAGTACAGTGGTTACCCACTCACGTTC
clonotype36,8,0.005747126436781609,IGH:CARDINYGSSYWYFDVW;IGK:CQNVLSTPWTF,IGH:TGTGCAAGAGATATAAACTACGGTAGTAGCTACTGGTACTTCGATGTCTGG;IGK:TGTCAAAATGTGTTAAGTACTCCGTGGACGTTC
clonotype37,7,0.005028735632183908,IGH:CTTHYYGSSNW;IGK:CQHSWEIPPTF,IGH:TGTACAACCCATTACTACGGTAGTAGCAACTGG;IGK:TGTCAGCACAGTTGGGAGATTCCTCCCACGTTC
clonotype38,7,0.005028735632183908,IGK:CAQNLELPLTF,IGK:TGTGCTCAAAATCTAGAACTTCCGCTCACGTTC
clonotype39,7,0.005028735632183908,IGK:CWQSTHSPWTF,IGK:TGCTGGCAAAGTACACATTCTCCGTGGACGTTC
clonotype40,6,0.004310344827586207,IGK:CQNVLSTPWTF,IGK:TGTCAAAATGTGTTAAGTACTCCGTGGACGTTC
clonotype41,6,0.004310344827586207,IGK:CSQSTHVPWTF,IGK:TGCTCTCAAAGTACACATGTTCCGTGGACGTTC
clonotype42,6,0.004310344827586207,IGH:CARSPYYFDYW;IGK:CWQSTHSPWTF,IGH:TGTGCAAGATCTCCTTACTACTTTGACTACTGG;IGK:TGCTGGCAAAGTACACATTCTCCGTGGACGTTC
clonotype43,6,0.004310344827586207,IGH:CAKHLGDGYYLDYW;IGK:CKQSYNLFTF,IGH:TGTGCCAAACATTTGGGGGATGGTTACTACCTTGACTACTGG;IGK:TGCAAGCAATCTTATAATCTGTTCACGTTC
clonotype44,6,0.004310344827586207,IGH:CARSGHGNYDFAYW;IGK:CHQYLSSRTF;IGK:CQHSRELPFTF,IGH:TGTGCAAGATCTGGGCATGGTAACTACGATTTTGCTTACTGG;IGK:TGTCATCAATACCTCTCCTCGCGCACGTTC;IGK:TGTCAGCACAGTAGGGAGCTTCCATTCACGTTC
clonotype45,5,0.0035919540229885057,IGL:CALWYSTHYVF,IGL:TGTGCTCTATGGTACAGCACCCATTATGTTTTC
clonotype46,5,0.0035919540229885057,IGH:CAPYGYDFDYW;IGK:CQQSNEDHTF,IGH:TGTGCTCCGTATGGTTACGACTTTGACTACTGG;IGK:TGTCAGCAAAGTAATGAGGATCACACGTTC
clonotype47,5,0.0035919540229885057,IGK:CWQSTHSPWTF,IGK:TGCTGGCAAAGTACACATTCTCCGTGGACGTTC
clonotype48,5,0.0035919540229885057,IGH:CVRQNDYDGACDYW;IGK:CMQHLEYPLTF,IGH:TGTGTGAGACAGAATGATTACGACGGCGCGTGTGACTACTGG;IGK:TGTATGCAACATCTAGAATATCCGCTCACGTTC
clonotype49,4,0.0028735632183908046,IGH:CSRPAYYGFAAYW;IGK:CQQWNYPLITF,IGH:TGTTCAAGACCGGCCTACTATGGTTTCGCCGCTTACTGG;IGK:TGCCAGCAGTGGAATTATCCTCTTATCACGTTC
clonotype50,4,0.0028735632183908046,IGK:CQQFLSIPYTF,IGK:TGTCAACAATTTTTGAGTATTCCGTACACGTTC
clonotype51,4,0.0028735632183908046,IGK:CQQYNIYPYTF,IGK:TGTCAGCAATATAACATCTATCCGTACACGTTC
clonotype52,4,0.0028735632183908046,IGK:CQQWSSNPFTF,IGK:TGCCAGCAGTGGAGTAGTAACCCATTCACGTTC
clonotype53,4,0.0028735632183908046,IGH:CARIEGPTGSWFAYW;IGK:CFQGSHVPYTF;IGK:CQQHYSTPLTF,IGH:TGTGCTCGAATAGAAGGGCCTACTGGGTCCTGGTTTGCTTACTGG;IGK:TGCTTTCAAGGTTCACATGTTCCGTACACGTTC;IGK:TGTCAGCAACATTATAGTACTCCGCTCACGTTC
clonotype54,3,0.0021551724137931034,IGH:CARGYGNYYAMDYW;IGK:CQNVLSTPYTF,IGH:TGTGCAAGAGGCTATGGTAACTACTATGCTATGGACTACTGG;IGK:TGTCAAAATGTGTTAAGTACTCCGTACACGTTC
clonotype55,3,0.0021551724137931034,IGH:CSRSPTMISYFDYW;IGK:CVQYAQFPRTF,IGH:TGCTCAAGATCCCCCACTATGATTTCCTACTTTGACTACTGG;IGK:TGTGTACAGTATGCTCAGTTTCCTCGGACGTTC
clonotype56,3,0.0021551724137931034,IGK:CFQGSHVPYTF,IGK:TGCTTTCAAGGTTCACATGTTCCGTACACGTTC
clonotype57,3,0.0021551724137931034,IGK:CFQSNYFPYTF,IGK:TGCTTCCAGAGTAACTATTTTCCGTACACGTTC
clonotype58,3,0.0021551724137931034,IGK:CKQSYNLFTF,IGK:TGCAAGCAATCTTATAATCTGTTCACGTTC
clonotype59,3,0.0021551724137931034,IGH:CARGDGAYW;IGK:CQQHYSTPFTF,IGH:TGTGCCAGAGGGGACGGGGCTTACTGG;IGK:TGTCAGCAACATTATAGCACTCCATTCACGTTC
clonotype60,3,0.0021551724137931034,IGH:CAPYGYDFDYW;IGK:CQQYNIYPYTF,IGH:TGTGCTCCGTATGGTTACGACTTTGACTACTGG;IGK:TGTCAGCAATATAACATCTATCCGTACACGTTC
clonotype61,3,0.0021551724137931034,IGH:CAKNYYGSAMDYW;IGK:CHQYLSSRTF;IGK:CQHSRELPFTF,IGH:TGTGCCAAAAATTACTACGGTAGTGCTATGGACTACTGG;IGK:TGTCATCAATACCTCTCCTCGCGCACGTTC;IGK:TGTCAGCACAGTAGGGAGCTTCCATTCACGTTC
clonotype62,3,0.0021551724137931034,IGH:CARDNLGFDYW;IGL:CALWYSTHYVF,IGH:TGTGCAAGAGATAACCTGGGCTTTGACTACTGG;IGL:TGTGCTCTATGGTACAGCACCCATTATGTTTTC
clonotype63,3,0.0021551724137931034,IGH:CARNYGSSLFAYW;IGK:CQQFLSIPSTF,IGH:TGTGCAAGAAACTACGGTAGTAGCTTGTTTGCTTACTGG;IGK:TGTCAACAATTTTTGAGTATTCCGTCCACGTTC
clonotype64,3,0.0021551724137931034,IGH:CMRYDGYYWYFDVW;IGK:CQQFLSIPYTF,IGH:TGTATGAGATATGATGGTTACTACTGGTACTTCGATGTCTGG;IGK:TGTCAACAATTTTTGAGTATTCCGTACACGTTC
clonotype65,3,0.0021551724137931034,IGH:CARGLYGSGPFDYW;IGL:CALWYSNHWVF,IGH:TGTGCAAGAGGACTCTACGGTAGTGGCCCCTTTGACTACTGG;IGL:TGTGCTCTATGGTACAGCAACCATTGGGTGTTC
clonotype66,3,0.0021551724137931034,IGH:CARDRGYYGNYEGAYW;IGK:CQHSRELPFTF,IGH:TGTGCAAGAGATCGGGGCTACTATGGTAACTACGAAGGTGCTTACTGG;IGK:TGTCAGCACAGTAGGGAGCTTCCATTCACGTTC
clonotype67,2,0.0014367816091954023,IGK:CQQWSSHPFTF,IGK:TGCCAGCAGTGGAGTAGTCACCCATTCACGTTC
clonotype68,2,0.0014367816091954023,IGK:CQQWSSNPPRTF,IGK:TGCCAGCAGTGGAGTAGTAACCCACCCAGGACGTTC
clonotype69,2,0.0014367816091954023,IGK:CQQWSSYPLTF,IGK:TGTCAACAGTGGAGTAGTTACCCACTCACGTTC
clonotype70,2,0.0014367816091954023,IGK:CSQSTHVPPTF,IGK:TGTTCTCAAAGTACACATGTTCCGCCCACGTTC
clonotype71,2,0.0014367816091954023,IGK:CMQHLEYPFTF,IGK:TGTATGCAACATCTAGAATATCCGTTCACGTTC
clonotype72,2,0.0014367816091954023,IGK:CWQSTHFPWTF,IGK:TGCTGGCAAAGTACACATTTTCCGTGGACGTTC
clonotype73,2,0.0014367816091954023,IGK:CWQSTHFPWTF,IGK:TGTTGGCAAAGTACACATTTTCCGTGGACGTTC
clonotype74,2,0.0014367816091954023,IGH:CAKHLGDGYYLDYW;IGK:CKQSYNLFTF,IGH:TGTGCCAAACATTTGGGGGATGGTTACTACCTTGACTACTGG;IGK:TGCAAGCAATCTTATAATCTGTTCACGTTC
clonotype75,2,0.0014367816091954023,IGH:CAPYGYDFDYW;IGK:CQQYNIYPYTF,IGH:TGTGCTCCGTATGGTTACGACTTTGACTACTGG;IGK:TGTCAGCAATATAACATCTATCCGTACACGTTC
clonotype76,2,0.0014367816091954023,IGH:CTRDAPNWDYW;IGK:CSQSTHVPFTF,IGH:TGTACAAGAGATGCCCCTAACTGGGATTACTGG;IGK:TGCTCTCAAAGTACACATGTTCCATTCACGTTT
clonotype77,2,0.0014367816091954023,IGH:CARNYGSSLFAYW;IGK:CWQTTHVPFTF,IGH:TGTGCAAGAAACTACGGTAGTAGCTTGTTTGCTTACTGG;IGK:TGCTGGCAAACTACACATGTCCCATTCACGTTC
clonotype78,2,0.0014367816091954023,IGH:CAKHLGDGYYLDYW,IGH:TGTGCCAAACATTTGGGGGATGGTTACTACCTTGACTACTGG
clonotype79,2,0.0014367816091954023,IGH:CARNYGSSLFAYW;IGK:CQQWSSNPPRTF,IGH:TGTGCAAGAAACTACGGTAGTAGCTTGTTTGCTTACTGG;IGK:TGCCAGCAGTGGAGTAGTAACCCACCCAGGACGTTC
clonotype80,2,0.0014367816091954023,IGH:CARNYGSSLFAYW,IGH:TGTGCAAGAAACTACGGTAGTAGCTTGTTTGCTTACTGG
clonotype81,2,0.0014367816091954023,IGH:CTRDAPNWDYW;IGK:CQQSKEVPFTF,IGH:TGTACAAGAGATGCCCCTAACTGGGATTACTGG;IGK:TGTCAGCAAAGTAAGGAGGTTCCATTCACGTTC
clonotype82,2,0.0014367816091954023,IGH:CMRYDGYYWYFDVW;IGK:CQNVLSTPWTF,IGH:TGTATGAGATATGATGGTTACTACTGGTACTTCGATGTCTGG;IGK:TGTCAAAATGTGTTAAGTACTCCGTGGACGTTC
clonotype83,2,0.0014367816091954023,IGH:CALSTMITTGFAYW;IGK:CQQFLSIPYTF,IGH:TGTGCCCTATCTACTATGATTACGACGGGGTTTGCTTACTGG;IGK:TGTCAACAATTTTTGAGTATTCCGTACACGTTC
clonotype84,2,0.0014367816091954023,IGH:CMRYDGYYWYFDVW;IGK:CSQSTHVPWTF,IGH:TGTATGAGATATGATGGTTACTACTGGTACTTCGATGTCTGG;IGK:TGCTCTCAAAGTACACATGTTCCGTGGACGTTC
clonotype85,2,0.0014367816091954023,IGH:CARSGHGNYDFAYW;IGK:CQHSRELPFTF,IGH:TGTGCAAGATCTGGGCATGGTAACTACGATTTTGCTTACTGG;IGK:TGTCAGCACAGTAGGGAGCTTCCATTCACGTTC
clonotype86,2,0.0014367816091954023,IGH:CARGSIYYGFGEYW;IGK:CMQHLEYPFTF,IGH:TGTGCAAGAGGGAGTATCTACTATGGTTTCGGGGAGTACTGG;IGK:TGTATGCAACATCTAGAATATCCGTTCACGTTC
clonotype87,2,0.0014367816091954023,IGH:CARDRGYYGNYEGAYW,IGH:TGTGCAAGAGATCGGGGCTACTATGGTAACTACGAAGGTGCTTACTGG
clonotype88,1,0.0007183908045977011,IGK:CQHFWGTPYTF,IGK:TGTCAACATTTTTGGGGTACTCCGTACACGTTC
clonotype89,1,0.0007183908045977011,IGK:CQQFLSIPYTF,IGK:TGTCAACAATTTTTGAGTATTCCGTACACGTTC
clonotype90,1,0.0007183908045977011,IGK:CQHFWSTPYTF,IGK:TGTCAACATTTTTGGAGTACTCCGTACACGTTC
clonotype91,1,0.0007183908045977011,IGK:CQQYSSYPYTF,IGK:TGTCAGCAATATAGCAGCTATCCGTACACGTTC
clonotype92,1,0.0007183908045977011,IGK:CLQHWNYPLTF,IGK:TGTCTGCAACATTGGAATTATCCTCTCACGTTC
clonotype93,1,0.0007183908045977011,IGK:CQQRSSYPPTF,IGK:TGCCAGCAAAGGAGTAGTTACCCACCCACGTTC
clonotype94,1,0.0007183908045977011,IGK:CQQWSSHPFTF,IGK:TGCCAGCAGTGGAGTAGTCACCCATTCACGTTC
clonotype95,1,0.0007183908045977011,IGK:CQQWSSHPFTF,IGK:TGCCAGCAGTGGAGTAGTCACCCATTCACGTTC
clonotype96,1,0.0007183908045977011,IGL:CALWYSTHYVL,IGL:TGTGCTCTATGGTACAGCACCCATTATGTTTTA
clonotype97,1,0.0007183908045977011,IGL:CALWYSNHLVF,IGL:TGTGCTCTATGGTACAGCAACCATTTGGTGTTC
clonotype98,1,0.0007183908045977011,IGL:CALWYSNHLVF,IGL:TGTGCTCTATGGTACAGCAACCATTTGGTGTTC
clonotype99,1,0.0007183908045977011,IGK:CLQHSYLPYTF,IGK:TGTCTACAGCATAGTTATCTCCCGTACACGTTC
clonotype100,1,0.0007183908045977011,IGK:CLQHSYLPYTF,IGK:TGTCTACAGCATAGTTATCTCCCGTACACGTTC
clonotype101,1,0.0007183908045977011,IGK:CLQSDNMPLTF,IGK:TGTTTGCAAAGTGATAACATGCCGCTCACGTTC
clonotype102,1,0.0007183908045977011,IGK:CLQYDEFPLTF,IGK:TGTCTACAGTATGATGAGTTTCCGCTCACGTTC
clonotype103,1,0.0007183908045977011,IGK:CQQSNEDHTF,IGK:TGTCAGCAAAGTAATGAGGATCACACGTTC
clonotype104,1,0.0007183908045977011,IGK:CQQWSSHPFTF,IGK:TGCCAGCAGTGGAGTAGTCACCCATTCACGTTC
clonotype105,1,0.0007183908045977011,IGK:CQQYSGYPLTF,IGK:TGCCAGCAGTACAGTGGTTACCCACTCACGTTC
clonotype106,1,0.0007183908045977011,IGK:CQQYSGYPLTF,IGK:TGCCAGCAGTACAGTGGTTACCCACTCACGTTC
clonotype107,1,0.0007183908045977011,IGK:CLQVTHVPFTF,IGK:TGCCTCCAAGTTACACATGTCCCATTCACGTTC
clonotype108,1,0.0007183908045977011,IGK:CLQVTHVPWTF,IGK:TGCCTCCAAGTTACACATGTCCCGTGGACGTTC
clonotype109,1,0.0007183908045977011,IGK:CSQSTHVPWTF,IGK:TGCTCTCAAAGTACACATGTTCCGTGGACGTTC
clonotype110,1,0.0007183908045977011,IGK:CSQSTHVPWTF,IGK:TGCTCTCAAAGTACACATGTTCCGTGGACGTTC
clonotype111,1,0.0007183908045977011,IGK:CSQSTHVPFTF,IGK:TGCTCTCAAAGTACACATGTTCCATTCACGTTT
clonotype112,1,0.0007183908045977011,IGK:CSQSTHVPFTF,IGK:TGCTCTCAAAGTACACATGTTCCATTCACGTTT
clonotype113,1,0.0007183908045977011,IGK:CSQSTHVPFTF,IGK:TGCTCTCAAAGTACACATGTTCCATTCACGTTT
clonotype114,1,0.0007183908045977011,IGK:CSQSTHVPFTF,IGK:TGCTCTCAAAGTACACATGTTCCATTCACGTTT
clonotype115,1,0.0007183908045977011,IGK:CWQTTHFPWTF,IGK:TGCTGGCAAACTACACATTTTCCGTGGACGTTC
clonotype116,1,0.0007183908045977011,IGK:CFQGSHVPRTF,IGK:TGCTTTCAAGGTTCACATGTTCCTCGGACGTTC
clonotype117,1,0.0007183908045977011,IGK:CFQSNYFPYTF,IGK:TGCTTCCAGAGTAACTATTTTCCGTACACGTTC
clonotype118,1,0.0007183908045977011,IGK:CSQSTHVPTF,IGK:TGCTCTCAAAGTACACATGTTCCCACGTTC
clonotype119,1,0.0007183908045977011,IGK:CQQSKEVPFTF,IGK:TGTCAGCAAAGTAAGGAGGTTCCATTCACGTTC
clonotype120,1,0.0007183908045977011,IGK:CQHSRELPLTF,IGK:TGTCAGCACAGTAGGGAGCTTCCGCTCACGTTC
clonotype121,1,0.0007183908045977011,IGK:CQHSRELPWTF,IGK:TGTCAGCACAGTAGGGAGCTTCCGTGGACGTTC
clonotype122,1,0.0007183908045977011,IGK:CQHSRELPFTF,IGK:TGTCAGCACAGTAGGGAGCTTCCATTCACGTTC
clonotype123,1,0.0007183908045977011,IGK:CQHSRELPFTF,IGK:TGTCAGCACAGTAGGGAGCTTCCATTCACGTTC
clonotype124,1,0.0007183908045977011,IGH:CARNAYW;IGK:CQQFLSIPYTF,IGH:TGTGCAAGAAATGCTTACTGG;IGK:TGTCAACAATTTTTGAGTATTCCGTACACGTTC
clonotype125,1,0.0007183908045977011,IGH:CARNAYW;IGK:CFQSNYFPYTF,IGH:TGTGCAAGAAATGCTTACTGG;IGK:TGCTTCCAGAGTAACTATTTTCCGTACACGTTC
clonotype126,1,0.0007183908045977011,IGK:CFQSNYFPYTF,IGK:TGCTTCCAGAGTAACTATTTTCCGTACACGTTC
clonotype127,1,0.0007183908045977011,IGK:CWQTTHFPWTF,IGK:TGCTGGCAAACTACACATTTTCCGTGGACGTTC
clonotype128,1,0.0007183908045977011,IGK:CAQNLELPLTF,IGK:TGTGCTCAAAATCTAGAACTTCCGCTCACGTTC
clonotype129,1,0.0007183908045977011,IGK:CWQSTHSPWTF,IGK:TGCTGGCAAAGTACACATTCTCCGTGGACGTTC
clonotype130,1,0.0007183908045977011,IGK:CSQSTHVPPTF,IGK:TGTTCTCAAAGTACACATGTTCCGCCCACGTTC
clonotype131,1,0.0007183908045977011,IGK:CFQGSHVPYTF,IGK:TGCTTTCAAGGTTCACATGTTCCGTACACGTTC
clonotype132,1,0.0007183908045977011,IGH:CARSPYFFDYW;IGK:CWQSTHFPWTF,IGH:TGTGCAAGATCTCCTTACTTCTTTGACTACTGG;IGK:TGCTGGCAAAGTACACATTTTCCGTGGACGTTC
clonotype133,1,0.0007183908045977011,IGK:CSQSTHVPWTF,IGK:TGCTCTCAAAGTACACATGTTCCGTGGACGTTC
clonotype134,1,0.0007183908045977011,IGK:CFQSNYFPYTF,IGK:TGCTTCCAGAGTAACTATTTTCCGTACACGTTC
clonotype135,1,0.0007183908045977011,IGK:CWQTTHFPWTF,IGK:TGCTGGCAAACTACACATTTTCCGTGGACGTTC
clonotype136,1,0.0007183908045977011,IGK:CWQTTHFPWTF,IGK:TGCTGGCAAACTACACATTTTCCGTGGACGTTC
clonotype137,1,0.0007183908045977011,IGK:CWQSTHSPWTF,IGK:TGCTGGCAAAGTACACATTCTCCGTGGACGTTC
clonotype138,1,0.0007183908045977011,IGK:CQQSNEDHTF,IGK:TGTCAGCAAAGTAATGAGGATCACACGTTC
clonotype139,1,0.0007183908045977011,IGK:CHQYLSSRTF,IGK:TGTCATCAATACCTCTCCTCGCGCACGTTC
clonotype140,1,0.0007183908045977011,IGK:CHQYLSSRTF,IGK:TGTCATCAATACCTCTCCTCGCGCACGTTC
clonotype141,1,0.0007183908045977011,IGK:CHQYLSSRTF,IGK:TGTCATCAATACCTCTCCTCGCGCACGTTC
clonotype142,1,0.0007183908045977011,IGK:CKQSYNLFTF,IGK:TGCAAGCAATCTTATAATCTGTTCACGTTC
clonotype143,1,0.0007183908045977011,IGK:CKQSYNLFTF,IGK:TGCAAGCAATCTTATAATCTGTTCACGTTC
clonotype144,1,0.0007183908045977011,IGK:CKQSYNLFTF,IGK:TGCAAGCAATCTTATAATCTGTTCACGTTC
clonotype145,1,0.0007183908045977011,IGH:CASRYDYW,IGH:TGTGCAAGTAGGTACGACTACTGG
clonotype146,1,0.0007183908045977011,IGK:CQQHLHIPTF,IGK:TGTCAGCAGCATTTACACATTCCGACGTTC
clonotype147,1,0.0007183908045977011,IGH:CARGDGAYL;IGK:CQQYSKLPWTF,IGH:TGTGCCAGAGGGGACGGGGCTTACTTG;IGK:TGTCAGCAGTATAGTAAGCTTCCGTGGACGTTC
clonotype148,1,0.0007183908045977011,IGH:CASRYDYW;IGK:CQQWSSNPFTF,IGH:TGTGCAAGTAGGTACGACTACTGG;IGK:TGCCAGCAGTGGAGTAGTAACCCATTCACGTTC
clonotype149,1,0.0007183908045977011,IGH:CARKWAYW;IGK:CWHSTHFPWKF,IGH:TGTGCAAGAAAATGGGCTTACTGG;IGK:TGCTGGCATAGTACTCATTTTCCGTGGAAGTTC
clonotype150,1,0.0007183908045977011,IGH:CARGDGAYW;IGK:CFQSNYFPYTF,IGH:TGTGCCAGAGGGGACGGGGCTTACTGG;IGK:TGCTTCCAGAGTAACTATTTTCCGTACACGTTC
clonotype151,1,0.0007183908045977011,IGH:CARGDVAYW;IGK:CFQSNFFPSTF,IGH:TGTGCCAGAGGGGACGTGGCTTACTGG;IGK:TGCTTCCAGAGTAACTTTTTTCCGTCAACGTTC
clonotype152,1,0.0007183908045977011,IGK:CQNDYSYPLTF,IGK:TGTCAGAATGATTATAGTTATCCGCTCACGTTC
clonotype153,1,0.0007183908045977011,IGH:CTLGGMDYW,IGH:TGTACATTGGGTGGGATGGACTACTGG
clonotype154,1,0.0007183908045977011,IGH:CARWAMDYW;IGK:CQQWRSYPLSF,IGH:TGTGCAAGATGGGCTATGGACTACTGG;IGK:TGTCAACAGTGGAGGAGTTACCCACTCTCGTTC
clonotype155,1,0.0007183908045977011,IGH:CARGDGAYW;IGK:CQQWSSYPLTF,IGH:TGTGCCAGAGGGGACGGGGCTTACTGG;IGK:TGTCAACAGTGGAGTAGTTACCCACTCACGTTC
clonotype156,1,0.0007183908045977011,IGH:CARHWYAMDYW;IGL:CALWYSKHWVF,IGH:TGTGCCAGACATTGGTATGCTATGGACTACTGG;IGL:TGTGCTCTATGGTACAGCAAGCATTGGGTGTTC
clonotype157,1,0.0007183908045977011,IGH:CARPWDAFDYW;IGL:CALWYSNHLVF,IGH:TGTGCCAGACCTTGGGATGCTTTTGACTACTGG;IGL:TGTGCTCTATGGTACAGCAACCATTTGGTGTTC
clonotype158,1,0.0007183908045977011,IGH:CGSHWDAMDLW;IGK:CQNVLSTPWTF,IGH:TGTGGCAGTCATTGGGATGCTATGGACTTGTGG;IGK:TGTCAAAATGTGTTAAGTACTCCGTGGACGTTC
clonotype159,1,0.0007183908045977011,IGH:CSRVCDAIDFW;IGK:CQQWSSYPYTF,IGH:TGTTCAAGAGTTTGTGATGCTATTGACTTCTGG;IGK:TGTCAACAGTGGAGTAGTTACCCCTACACGTTC
clonotype160,1,0.0007183908045977011,IGH:CARHWDAMDYC;IGK:CLQHVESPLTF,IGH:TGTGCCAGACATTGGGATGCTATGGACTACTGT;IGK:TGTCTACAGCATGTTGAGAGCCCGCTCACGTTC
clonotype161,1,0.0007183908045977011,IGH:CARGGGAMDYW;IGK:CLQVTHVPFTF,IGH:TGTGCCAGAGGGGGGGGTGCTATGGACTACTGG;IGK:TGCCTCCAAGTTACACATGTCCCATTCACGTTC
clonotype162,1,0.0007183908045977011,IGH:CARGGGAMDYW;IGK:CQQHYSTPLTF,IGH:TGTGCCAGAGGGGGGGGTGCTATGGACTACTGG;IGK:TGTCAGCAACATTATAGCACTCCGCTCACGTTC
clonotype163,1,0.0007183908045977011,IGH:CTKHGNYVVDYW,IGH:TGTACCAAACATGGTAACTACGTAGTTGACTACTGG
clonotype164,1,0.0007183908045977011,IGH:CAKHGNYVVDYW,IGH:TGTGCCAAACATGGTAACTACGTAGTTGACTACTGG
clonotype165,1,0.0007183908045977011,IGH:CARSPYYFDYW,IGH:TGTGCAAGATCTCCTTACTACTTTGACTACTGG
clonotype166,1,0.0007183908045977011,IGH:CAKHFIYVVDYW;IGK:CQQYSKLQWTF,IGH:TGTGCCAAACATTTTATCTACGTAGTTGACTACTGG;IGK:TGTCAGCAGTATAGTAAGCTTCAGTGGACGTTC
clonotype167,1,0.0007183908045977011,IGH:CAPYGYDFDYW;IGL:CALWYSNHWVF,IGH:TGTGCTCCGTATGGTTACGACTTTGACTACTGG;IGL:TGTGCTCTATGGTACAGCAACCATTGGGTGTTC
clonotype168,1,0.0007183908045977011,IGH:CARSPYSFDYW;IGL:CALWYSTHYVF,IGH:TGTGCAAGATCTCCTTACTCCTTTGACTACTGG;IGL:TGTGCTCTATGGTACAGCACCCATTATGTTTTC
clonotype169,1,0.0007183908045977011,IGH:CAKHGNYVVDYW;IGL:CALWYSYHWVF,IGH:TGTGCCAAACATGGTAACTACGTAGTCGACTACTGG;IGL:TGTGCTCTATGGTACAGCTACCATTGGGTGTTC
clonotype170,1,0.0007183908045977011,IGH:CDKHGNYVVDYW;IGK:CQQWSSYPLTF,IGH:TGTGACAAACATGGTAACTACGTAGTTGACTACTGG;IGK:TGTCAACAGTGGAGTAGTTACCCACTCACGTTC
clonotype171,1,0.0007183908045977011,IGH:CARSPYYFDYW;IGK:CQHSREIPFTF,IGH:TGTGCAAGATCTCCTTACTACTTTGACTACTGG;IGK:TGTCAGCACAGTAGGGAGATTCCATTCACGTTC
clonotype172,1,0.0007183908045977011,IGH:CASSPYYFDSW;IGK:CQQSKEVPFTF,IGH:TGTGCAAGTTCTCCTTACTACTTTGACTCCTGG;IGK:TGTCAGCAAAGTAAGGAGGTTCCATTCACGTTC
clonotype173,1,0.0007183908045977011,IGH:CARSPYYFDYW;IGK:CWQSTHSPWTF,IGH:TGTGCAAGATCTCCTTACTACTTTGACTACTGG;IGK:TGCTGGCAAAGTACACATTCTCCGTGGACGTTC
clonotype174,1,0.0007183908045977011,IGH:CARSPYYFDYW;IGK:CHQYLSARTV,IGH:TGTGCAAGATCTCCTTACTACTTTGACTACTGG;IGK:TGTCATCAATACCTCTCCGCGCGCACGGTC
clonotype175,1,0.0007183908045977011,IGH:CARSPYYFDYW;IGK:CSLNLELPITF,IGH:TGTGCAAGATCTCCTTACTACTTTGACTACTGG;IGK:TGTTCTCTAAATCTAGAACTTCCGATCACGTTC
clonotype176,1,0.0007183908045977011,IGH:CDKHGNYVVDYW;IGK:CAPTLELPLTF,IGH:TGTGACAAACATGGTAACTACGTAGTTGACTACTGG;IGK:TGTGCTCCAACTCTAGAACTTCCGCTCACGTTC
clonotype177,1,0.0007183908045977011,IGH:CATHGNYVVDYW;IGK:CKQSYNLFTF,IGH:TGTGCCACACATGGTAACTACGTAGTTGACTACTGG;IGK:TGCAAGCAATCTTATAATCTGTTCACGTTC
clonotype178,1,0.0007183908045977011,IGH:CARDGNYYFDYW,IGH:TGTGCAAGAGATGGTAACTACTACTTTGACTACTGG
clonotype179,1,0.0007183908045977011,IGH:CARHGSSGFAYW,IGH:TGTGCAAGACACGGTAGTAGCGGGTTTGCTTACTGG
clonotype180,1,0.0007183908045977011,IGH:CAKNYYGSAMDYW,IGH:TGTGCCAAAAATTACTACGGTAGTGCTATGGACTACTGG
clonotype181,1,0.0007183908045977011,IGH:CAKNYYGSAMDYW,IGH:TGTGCCAAAAATTACTACGGTAGTGCTATGGACTACTGG
clonotype182,1,0.0007183908045977011,IGH:CARDGNYYFDYW,IGH:TGTGCAAGAGATGGTAACTACTACTTTGACTACTGG
clonotype183,1,0.0007183908045977011,IGH:CANIVTEGFAYW,IGH:TGTGCAAATATAGTTACGGAGGGCTTTGCTTATTGG
clonotype184,1,0.0007183908045977011,IGH:CARLGSSGFAYW;IGK:CLQHGESPLTF,IGH:TGTGCAAGACTCGGTAGTAGCGGGTTTGCTTACTGG;IGK:TGTCTACAGCATGGTGAGAGCCCGCTCACGTTC
clonotype185,1,0.0007183908045977011,IGH:CANIVTEGFAYW;IGK:CQQYTNYPFTF,IGH:TGTGCAAATATAGTTACGGAGGGCTTTGCTTATTGG;IGK:TGTCAGCAATATACCAACTATCCATTCACGTTC
clonotype186,1,0.0007183908045977011,IGH:CANIVTEGFAYW;IGK:CQQYTNYPFTF,IGH:TGTGCAAATATAGTTACGGAGGGCTTTGCTTATTGG;IGK:TGTCAGCAATATACCAACTATCCATTCACGTTC
clonotype187,1,0.0007183908045977011,IGH:CARHGISGCAYW;IGL:CALWYSNLLVL,IGH:TGTGCAAGACACGGTATTAGCGGGTGTGCTTACTGG;IGL:TGTGCTCTATGGTACAGCAACCTTTTGGTGTTA
clonotype188,1,0.0007183908045977011,IGH:CARLFGNYLDYW;IGL:CALWFSSHSVF,IGH:TGTGCAAGATTGTTTGGTAACTACCTTGACTACTGG;IGL:TGTGCTCTATGGTTCAGCAGCCATTCTGTTTTC
clonotype189,1,0.0007183908045977011,IGH:CSRPAYYGFAAYW;IGK:CQQWSSHPFTF,IGH:TGTTCAAGACCGGCCTACTATGGTTTCGCCGCTTACTGG;IGK:TGCCAGCAGTGGAGTAGTCACCCATTCACGTTC
clonotype190,1,0.0007183908045977011,IGH:CARRGDGYYLDYW;IGL:CALWYSTHYVF,IGH:TGTGCCAGACGGGGTGATGGTTACTACTTAGACTACTGG;IGL:TGTGCTCTATGGTACAGCACCCATTATGTTTTC
clonotype191,1,0.0007183908045977011,IGH:CASYYGSSFDYW;IGK:CLQYASSPWTF,IGH:TGTGCAAGTTACTACGGTAGTAGCTTTGACTACTGG;IGK:TGTCTACAATATGCTAGTTCTCCGTGGACGTTC
clonotype192,1,0.0007183908045977011,IGH:CARLFGNYLAYW;IGK:CQQWRSYPLTF,IGH:TGTGCAAGATTGTTTGGTAACTACCTTGCCTACTGG;IGK:TGTCAACAGTGGAGGAGTTACCCACTCACGTTC
clonotype193,1,0.0007183908045977011,IGH:CANLVSEGFDYW;IGK:CQQWSSYPLTF,IGH:TGTGCAAATTTAGTTTCGGAGGGCTTTGATTATTGG;IGK:TGTCAACAGTGGAGTAGTTACCCACTCACGTTC
clonotype194,1,0.0007183908045977011,IGH:CASPYYGSMDYW;IGK:CSQSTHVPPTF,IGH:TGTGCAAGTCCTTATTACGGTTCTATGGACTATTGG;IGK:TGCTCTCAAAGTACACATGTTCCTCCAACGTTC
clonotype195,1,0.0007183908045977011,IGH:CARLFVIYLDYW;IGK:CWQSTHFPWTF,IGH:TGTGCAAGATTGTTTGTTATCTACCTTGACTACTGG;IGK:TGCTGGCAAAGTACACATTTTCCGTGGACGTTC
clonotype196,1,0.0007183908045977011,IGH:CARHGSIGFAYW;IGK:CFQSNYFPYTF,IGH:TGTGCAAGACACGGTAGTATCGGGTTTGCTTACTGG;IGK:TGCTTCCAGAGTAACTATTTTCCGTACACGTTC
clonotype197,1,0.0007183908045977011,IGH:CSRPAYYGFAASW;IGK:CHQYLSSRTF,IGH:TGTTCAAGACCGGCCTACTATGGTTTCGCCGCGTCGTGG;IGK:TGTCATCAATACCTCTCCTCGCGCACGTTC
clonotype198,1,0.0007183908045977011,IGH:CAKNYYGSARDYW;IGK:CWQSTHSPWTF,IGH:TGTGCCAAAAATTACTACGGTAGTGCTAGGGACTACTGG;IGK:TGCTGGCAAAGTACACATTCTCCGTGGACGTTC
clonotype199,1,0.0007183908045977011,IGH:CAKNYYGSAMDYW;IGK:CHQYLSSRTF,IGH:TGTGCCAAAAATTACTACGGTAGTGCTATGGACTACTGG;IGK:TGTCATCAATACCTCTCCTCGCGCACGTTC
clonotype200,1,0.0007183908045977011,IGH:CARGSIYYGFGEYW,IGH:TGTGCAAGAGGGAGTATCTACTATGGTTTCGGGGAGTACTGG
clonotype201,1,0.0007183908045977011,IGH:CARNYGSSLFAYW,IGH:TGTGCAAGAAACTACGGTAGTAGCTTGTTTGCTTACTGG
clonotype202,1,0.0007183908045977011,IGH:CARDNLGFDYW,IGH:TGTGCAAGAGATAACCTGGGCTTTGACTACTGG
clonotype203,1,0.0007183908045977011,IGH:CTRDAPNWDYW,IGH:TGTACAAGAGATGCCCCTAACTGGGATTACTGG
clonotype204,1,0.0007183908045977011,IGH:CARNYGSSLFAYW,IGH:TGTGCAAGAAACTACGGTAGTAGCTTGTTTGCTTACTGG
clonotype205,1,0.0007183908045977011,IGH:CARNYGSSLFAYW,IGH:TGTGCAAGAAACTACGGTAGTAGCTTGTTTGCTTACTGG
clonotype206,1,0.0007183908045977011,IGH:CARNYGSSLFAYW,IGH:TGTGCAAGAAACTACGGTAGTAGCTTGTTTGCTTACTGG
clonotype207,1,0.0007183908045977011,IGH:CARNYGSSLFAYW,IGH:TGTGCAAGAAACTACGGTAGTAGCTTGTTTGCTTACTGG
clonotype208,1,0.0007183908045977011,IGH:CARNYGSSLFAYW,IGH:TGTGCAAGAAACTACGGTAGTAGCTTGTTTGCTTACTGG
clonotype209,1,0.0007183908045977011,IGH:CARNYGSSLFAYW,IGH:TGTGCAAGAAACTACGGTAGTAGCTTGTTTGCTTACTGG
clonotype210,1,0.0007183908045977011,IGH:CARNYGSSLFAYW,IGH:TGTGCAAGAAACTACGGTAGTAGCTTGTTTGCTTACTGG
clonotype211,1,0.0007183908045977011,IGH:CARNYGSSLFAYW,IGH:TGTGCAAGAAACTACGGTAGTAGCTTGTTTGCTTACTGG
clonotype212,1,0.0007183908045977011,IGH:CARNYGSSLFAYW,IGH:TGTGCAAGAAACTACGGTAGTAGCTTGTTTGCTTACTGG
clonotype213,1,0.0007183908045977011,IGH:CARNYGSSLFAYW,IGH:TGTGCAAGAAACTACGGTAGTAGCTTGTTTGCTTACTGG
clonotype214,1,0.0007183908045977011,IGH:CTAYYRYDYFDYW,IGH:TGTACCGCCTACTATAGGTACGACTACTTTGACTACTGG
clonotype215,1,0.0007183908045977011,IGH:CARNYGSSLFAYW,IGH:TGTGCAAGAAACTACGGTAGTAGCTTGTTTGCTTACTGG
clonotype216,1,0.0007183908045977011,IGH:CARNYGSSLFAYW,IGH:TGTGCAAGAAACTACGGTAGTAGCTTGTTTGCTTACTGG
clonotype217,1,0.0007183908045977011,IGH:CARNYGSSLFAYW,IGH:TGTGCAAGAAACTACGGTAGTAGCTTGTTTGCTTACTGG
clonotype218,1,0.0007183908045977011,IGH:CARNYGSSLFAYW,IGH:TGTGCAAGAAACTACGGTAGTAGCTTGTTTGCTTACTGG
clonotype219,1,0.0007183908045977011,IGH:CAKHLGDGYYLDYW,IGH:TGTGCCAAACATTTGGGGGATGGTTACTACCTTGACTACTGG
clonotype220,1,0.0007183908045977011,IGH:CARNYGSSLFAYW,IGH:TGTGCAAGAAACTACGGTAGTAGCTTGTTTGCTTACTGG
clonotype221,1,0.0007183908045977011,IGH:CARNYGSSLFAYW,IGH:TGTGCAAGAAACTACGGTAGTAGCTTGTTTGCTTACTGG
clonotype222,1,0.0007183908045977011,IGH:CARNYGSSLFAYW,IGH:TGTGCAAGAAACTACGGTAGTAGCTTGTTTGCTTACTGG
clonotype223,1,0.0007183908045977011,IGH:CARNYGSSLFAYW,IGH:TGTGCAAGAAACTACGGTAGTAGCTTGTTTGCTTACTGG
clonotype224,1,0.0007183908045977011,IGH:CARNYGSSLFAYW,IGH:TGTGCAAGAAACTACGGTAGTAGCTTGTTTGCTTACTGG
clonotype225,1,0.0007183908045977011,IGH:CARNYGSSLFAYW,IGH:TGTGCAAGAAACTACGGTAGTAGCTTGTTTGCTTACTGG
clonotype226,1,0.0007183908045977011,IGH:CARNYGSSLFAYW,IGH:TGTGCAAGAAACTACGGTAGTAGCTTGTTTGCTTACTGG
clonotype227,1,0.0007183908045977011,IGH:CARNYGSSLFAYW,IGH:TGTGCAAGAAACTACGGTAGTAGCTTGTTTGCTTACTGG
clonotype228,1,0.0007183908045977011,IGH:CARNYGSSLFAYW,IGH:TGTGCAAGAAACTACGGTAGTAGCTTGTTTGCTTACTGG
clonotype229,1,0.0007183908045977011,IGH:CARNYGSSLFAYW,IGH:TGTGCAAGAAACTACGGTAGTAGCTTGTTTGCTTACTGG
clonotype230,1,0.0007183908045977011,IGH:CARNYGSSLFAYW,IGH:TGTGCAAGAAACTACGGTAGTAGCTTGTTTGCTTACTGG
clonotype231,1,0.0007183908045977011,IGH:CARNYGSSLFAYW,IGH:TGTGCAAGAAACTACGGTAGTAGCTTGTTTGCTTACTGG
clonotype232,1,0.0007183908045977011,IGH:CARNYGSSLFAYW,IGH:TGTGCAAGAAACTACGGTAGTAGCTTGTTTGCTTACTGG
clonotype233,1,0.0007183908045977011,IGH:CARNYGSSLFAYW,IGH:TGTGCAAGAAACTACGGTAGTAGCTTGTTTGCTTACTGG
clonotype234,1,0.0007183908045977011,IGH:CARNYGSSLFAYW,IGH:TGTGCAAGAAACTACGGTAGTAGCTTGTTTGCTTACTGG
clonotype235,1,0.0007183908045977011,IGH:CARNYGSSLFAYW,IGH:TGTGCAAGAAACTACGGTAGTAGCTTGTTTGCTTACTGG
clonotype236,1,0.0007183908045977011,IGH:CARNYGSSLFAYW,IGH:TGTGCAAGAAACTACGGTAGTAGCTTGTTTGCTTACTGG
clonotype237,1,0.0007183908045977011,IGH:CARNYGSSLFAYW,IGH:TGTGCAAGAAACTACGGTAGTAGCTTGTTTGCTTACTGG
clonotype238,1,0.0007183908045977011,IGH:CARNYGSSLFAYW,IGH:TGTGCAAGAAACTACGGTAGTAGCTTGTTTGCTTACTGG
clonotype239,1,0.0007183908045977011,IGH:CARNYGSSLFAYW,IGH:TGTGCAAGAAACTACGGTAGTAGCTTGTTTGCTTACTGG
clonotype240,1,0.0007183908045977011,IGH:CARNYGSSLFAYW,IGH:TGTGCAAGAAACTACGGTAGTAGCTTGTTTGCTTACTGG
clonotype241,1,0.0007183908045977011,IGH:CARNYGSSLFAYW,IGH:TGTGCAAGAAACTACGGTAGTAGCTTGTTTGCTTACTGG
clonotype242,1,0.0007183908045977011,IGH:CARNYGSSLFAYW,IGH:TGTGCAAGAAACTACGGTAGTAGCTTGTTTGCTTACTGG
clonotype243,1,0.0007183908045977011,IGH:CARNYGSSLFAYW,IGH:TGTGCAAGAAACTACGGTAGTAGCTTGTTTGCTTACTGG
clonotype244,1,0.0007183908045977011,IGH:CARNYGSSLFAYW,IGH:TGTGCAAGAAACTACGGTAGTAGCTTGTTTGCTTACTGG
clonotype245,1,0.0007183908045977011,IGH:CARNYGSSLFAYW,IGH:TGTGCAAGAAACTACGGTAGTAGCTTGTTTGCTTACTGG
clonotype246,1,0.0007183908045977011,IGH:CARNYGSSLFAYW,IGH:TGTGCAAGAAACTACGGTAGTAGCTTGTTTGCTTACTGG
clonotype247,1,0.0007183908045977011,IGH:CARNYGSSLFAYW,IGH:TGTGCAAGAAACTACGGTAGTAGCTTGTTTGCTTACTGG
clonotype248,1,0.0007183908045977011,IGH:CARNYGSSLFAYW,IGH:TGTGCAAGAAACTACGGTAGTAGCTTGTTTGCTTACTGG
clonotype249,1,0.0007183908045977011,IGH:CARNYGSSLFAYW,IGH:TGTGCAAGAAACTACGGTAGTAGCTTGTTTGCTTACTGG
clonotype250,1,0.0007183908045977011,IGH:CARNYGSSLFAYW,IGH:TGTGCAAGAAACTACGGTAGTAGCTTGTTTGCTTACTGG
clonotype251,1,0.0007183908045977011,IGH:CARNYGSSLFAYW,IGH:TGTGCAAGAAACTACGGTAGTAGCTTGTTTGCTTACTGG
clonotype252,1,0.0007183908045977011,IGH:CARNYGSSLFAYW,IGH:TGTGCAAGAAACTACGGTAGTAGCTTGTTTGCTTACTGG
clonotype253,1,0.0007183908045977011,IGH:CARNYGSSLFAYW,IGH:TGTGCAAGAAACTACGGTAGTAGCTTGTTTGCTTACTGG
clonotype254,1,0.0007183908045977011,IGH:CNALFGSGYFDFW;IGK:CQQFLSIPYTF,IGH:TGTAATGCCCTCTTCGGGAGCGGTTACTTCGATTTCTGG;IGK:TGTCAACAATTTTTGAGTATTCCGTACACGTTC
clonotype255,1,0.0007183908045977011,IGH:CARNYGSSLFAYW;IGK:CQQFLRIPYTF,IGH:TGTGCAAGAAACTACGGTAGTAGCTTGTTTGCTTACTGG;IGK:TGTCAACAATTTTTGAGGATTCCGTACACGTTC
clonotype256,1,0.0007183908045977011,IGH:CARGSIYFGFGEYW;IGK:CQQFLSIPYTF,IGH:TGTGCAAGAGGGAGTATCTACTTTGGTTTCGGGGAGTACTGG;IGK:TGTCAACAATTTTTGAGTATTCCGTACACGTTC
clonotype257,1,0.0007183908045977011,IGH:CARPDGNPYAMDYW;IGK:CQQFLSIPYTF,IGH:TGTGCAAGACCGGATGGTAACCCATATGCTATGGACTACTGG;IGK:TGTCAACAATTTTTGAGTATTCCGTACACTTTC
clonotype258,1,0.0007183908045977011,IGH:CARPDGNTYAMDYW;IGK:CQQFLSIPYTF,IGH:TGTGCAAGACCGGATGGTAACACCTATGCTATGGACTACTGG;IGK:TGTCAACAATTTTTGAGTATTCCGTACACGTTC
clonotype259,1,0.0007183908045977011,IGH:CARPDCNPYAMDYW;IGK:CQQFLSIPYTF,IGH:TGTGCAAGACCGGATTGTAACCCCTATGCGATGGACTACTGG;IGK:TGTCAACAATTTTTGAGTATTCCGTACACGTTC
clonotype260,1,0.0007183908045977011,IGH:CNDLYGSGYFDVW;IGK:CQNVLSTPWSL,IGH:TGTAATGACCTCTACGGGAGCGGTTACTTCGATGTCTGG;IGK:TGTCAAAATGTGTTAAGTACTCCGTGGTCGTTA
clonotype261,1,0.0007183908045977011,IGH:CERGSIYYAFGEYW;IGL:CALWYSTHYVC,IGH:TGTGAAAGAGGGAGTATCTACTATGCTTTCGGGGAGTACTGG;IGL:TGTGCTCTATGGTACAGCACCCATTATGTTTGC
clonotype262,1,0.0007183908045977011,IGH:CARGSIYYGFGEYW;IGL:CALCFSNHFVF,IGH:TGTGCAAGAGGGAGTATCTACTATGGTTTCGGGGAGTACTGG;IGL:TGTGCTCTATGTTTCAGCAACCATTTTGTGTTC
clonotype263,1,0.0007183908045977011,IGH:CARGSIYYGFGEYW;IGL:CALWYSTHYVF,IGH:TGTGCAAGAGGGAGTATCTACTATGGTTTCGGGGAGTACTGG;IGL:TGTGCTCTATGGTACAGCACCCATTATGTTTTC
clonotype264,1,0.0007183908045977011,IGH:CARDNLGFDYG;IGL:CARWYSTHYVF,IGH:TGTGCAAGAGATAACCTGGGCTTTGACTACGGG;IGL:TGTGCTAGATGGTACAGCACCCATTATGTTTTC
clonotype265,1,0.0007183908045977011,IGH:CARDNLGFDYW;IGL:CALWYSNHWVF,IGH:TGTGCAAGAGATAACCTGGGCTTTGACTACTGG;IGL:TGTGCTCTATGGTACAGCAACCATTGGGTGTTC
clonotype266,1,0.0007183908045977011,IGH:CARNYGSSLFAYW;IGK:CQQWNYPLITF,IGH:TGTGCAAGAAACTACGGTAGTAGCTTGTTTGCTTACTGG;IGK:TGCCAGCAGTGGAATTATCCTCTTATCACGTTC
clonotype267,1,0.0007183908045977011,IGH:CTRHYYGSRIW;IGL:CALWYSNHCVF,IGH:TGTACAAGACATTACTACGGTAGTAGAATCTGG;IGL:TGTGCTCTATGGTACAGCAACCATTGTGTGTTC
clonotype268,1,0.0007183908045977011,IGH:CARPDGNPYAIDYL;IGK:CHAFSF,IGH:TGTGCAAGACCGGATGGTAACCCCTATGCTATTGACTACTTG;IGK:TGTCACGCATTCTCGTTC
clonotype269,1,0.0007183908045977011,IGH:CARADGLPYAMDFW;IGK:CQQWCSHPFTV,IGH:TGTGCAAGAGCGGATGGTCTCCCATATGCTATGGACTTCTGG;IGK:TGCCAGCAGTGGTGTAGTCACCCATTCACGGTC
clonotype270,1,0.0007183908045977011,IGH:CARPDCNTYAMDYW;IGK:CQQWSSYPLTF,IGH:TGTGCAAGACCGGATTGTAACACCTATGCTATGGACTACTGG;IGK:TGTCAACAGTGGAGTAGTTACCCACTCACGTTC
clonotype271,1,0.0007183908045977011,IGH:CARPVGYPYALVFW;IGK:CQQWSSLPFTF,IGH:TGTGCAAGACCGGTTGGTTACCCCTATGCTTTGGTCTTCTGG;IGK:TGCCAGCAGTGGAGTAGTCTCCCATTCACGTTC
clonotype272,1,0.0007183908045977011,IGH:CARQDGNPYAMEYW;IGK:CQQSKEVPFTF,IGH:TGTGCAAGACAGGATGGTAACCCCTATGCTATGGAATACTGG;IGK:TGTCAGCAAAGTAAGGAGGTTCCATTCACGTTC
clonotype273,1,0.0007183908045977011,IGH:CARNYGSSLFAYW;IGL:CALWYSNHWVF,IGH:TGTGCAAGAAACTACGGTAGTAGCTTGTTTGCTTACTGG;IGL:TGTGCTCTATGGTACAGCAACCATTGGGTGTTC
clonotype274,1,0.0007183908045977011,IGH:CARNSGSSLFAYW;IGL:CALLYSIHLVF,IGH:TGTGCAAGAAACTCCGGTAGTAGCTTGTTTGCTTACTGG;IGL:TGTGCTCTATTGTACAGCATCCATTTGGTGTTC
clonotype275,1,0.0007183908045977011,IGH:CVRVRYYGYFDYW;IGL:CALWYSTHYVF,IGH:TGTGTAAGAGTGAGGTACTACGGCTACTTTGACTACTGG;IGL:TGTGCTCTATGGTACAGCACCCATTATGTTTTC
clonotype276,1,0.0007183908045977011,IGH:CARGSIYYGFGEYW;IGK:CLQHGESPHTF,IGH:TGTGCAAGAGGGAGTATCTACTATGGTTTCGGGGAGTACTGG;IGK:TGTCTACAGCATGGTGAGAGCCCGCACACGTTC
clonotype277,1,0.0007183908045977011,IGH:CPRGSIYYGFGEYW;IGL:CALWYSNHFWVF,IGH:TGTCCAAGAGGGAGTATCTACTATGGTTTCGGGGAGTACTGG;IGL:TGTGCTCTATGGTACAGCAACCATTTCTGGGTGTTC
clonotype278,1,0.0007183908045977011,IGH:CARNYGSSLFAYW;IGK:CQQWSINPPRTF,IGH:TGTGCAAGAAACTACGGTAGTAGCTTGTTTGCTTACTGG;IGK:TGCCAGCAGTGGAGTATTAACCCACCCAGGACGTTC
clonotype279,1,0.0007183908045977011,IGH:CARPYGNPYALEYW;IGK:CQQWSSNPHRKF,IGH:TGTGCAAGACCGTATGGTAACCCCTATGCTTTGGAATACTGG;IGK:TGCCAGCAGTGGAGTAGTAACCCACACAGGAAGTTC
clonotype280,1,0.0007183908045977011,IGH:CARVCIFSGFLEYC;IGK:CLQWSSYPYSF,IGH:TGTGCAAGAGTGTGTATCTTCTCTGGTTTCTTGGAGTACTGT;IGK:TGTCTTCAGTGGAGTAGTTACCCCTACTCGTTC
clonotype281,1,0.0007183908045977011,IGH:CARRVVHGNFDYW;IGK:CQQYSGYPLTF,IGH:TGTGCAAGACGCGTAGTTCACGGGAACTTTGACTACTGG;IGK:TGCCAGCAGTACAGTGGTTACCCACTCACGTTC
clonotype282,1,0.0007183908045977011,IGH:CARPDGNPYAMDFW;IGK:CQQWSSYPLTF,IGH:TGTGCAAGACCGGATGGTAACCCCTATGCTATGGACTTCTGG;IGK:TGTCAACAGTGGAGTAGTTACCCACTCACGTTC
clonotype283,1,0.0007183908045977011,IGH:CNALYGSGYFEVW;IGK:CWQSTPFQWSV,IGH:TGTAATGCCCTCTACGGGAGCGGTTACTTCGAGGTCTGG;IGK:TGCTGGCAAAGTACACCTTTTCAGTGGTCGGTC
clonotype284,1,0.0007183908045977011,IGH:CNALSGSGYFDVW;IGK:CSQSTHVPWTF,IGH:TGTAATGCCCTCTCCGGGAGCGGTTACTTCGATGTCTGG;IGK:TGCTCTCAAAGTACACATGTTCCGTGGACGTTC
clonotype285,1,0.0007183908045977011,IGH:CARDNLGFDYW;IGK:CSQSTHIPTF,IGH:TGTGCAAGAGATAACCTGGGCTTTGACTACTGG;IGK:TGCTCTCAAAGTACACATATTCCCACGTTC
clonotype286,1,0.0007183908045977011,IGH:CARNYGSSLFAYW;IGK:CNQWSSQPLTL,IGH:TGTGCAAGAAACTACGGTAGTAGCTTGTTTGCTTACTGG;IGK:TGCAATCAGTGGAGTAGTCAACCATTAACGTTA
clonotype287,1,0.0007183908045977011,IGH:CARPDGNPYAMDYC;IGK:CQHSRELPFTF,IGH:TGTGCAAGACCGGATGGTAACCCCTATGCTATGGACTACTGT;IGK:TGTCAGCACAGTAGGGAGCTTCCATTCACGTTC
clonotype288,1,0.0007183908045977011,IGH:CARNYGSSLFAYW;IGK:CWQTPHCPWTF,IGH:TGTGCAAGAAACTACGGTAGTAGCTTGTTTGCTTACTGG;IGK:TGCTGGCAAACTCCTCATTGTCCGTGGACGTTC
clonotype289,1,0.0007183908045977011,IGH:CARNYGSSLFAYW;IGK:CFQSNFFPYTF,IGH:TGTGCAAGAAACTACGGTAGTAGCTTGTTTGCTTACTGG;IGK:TGCTTCCAGAGTAACTTTTTTCCGTACACGTTC
clonotype290,1,0.0007183908045977011,IGH:CARNYGSSLFAYW;IGK:CSQSTHVPPTF,IGH:TGTGCAAGAAACTACGGTAGTAGCTTGTTTGCTTACTGG;IGK:TGCTCTCAAAGTACACATGTTCCTCCCACGTTC
clonotype291,1,0.0007183908045977011,IGH:CARNYGSSLFAYW;IGK:CQHSWEIPPTF,IGH:TGTGCAAGAAACTACGGTAGTAGCTTGTTTGCTTACTGG;IGK:TGTCAGCACAGTTGGGAGATTCCGCCCACGTTC
clonotype292,1,0.0007183908045977011,IGH:CARGSIYYGFGEYW;IGK:CAQNLELPLTF,IGH:TGTGCAAGAGGGAGTATCTACTATGGTTTCGGGGAGTACTGG;IGK:TGTGCTCAAAATCTAGAACTTCCGCTCACGTTC
clonotype293,1,0.0007183908045977011,IGH:CARGSIYYGFGEYW;IGK:CMQHLEYPFTF,IGH:TGTGCAAGAGGGAGTATCTACTATGGTTTCGGGGAGTACTGG;IGK:TGTATGCAACATCTAGAATATCCGTTCACGTTC
clonotype294,1,0.0007183908045977011,IGH:CTRDAPNWDYW;IGK:CMQHLEYPFTF,IGH:TGTACAAGAGATGCCCCTAACTGGGATTACTGG;IGK:TGTATGCAACATCTAGAATATCCGTTCACGTTC
clonotype295,1,0.0007183908045977011,IGH:CYRDNLCFDYW;IGK:CHQYLSSRTF,IGH:TGTTATAGAGATAACCTGTGCTTTGATTACTGG;IGK:TGTCATCAATACCTCTCCTCGCGCACGTTC
clonotype296,1,0.0007183908045977011,IGH:CTRDAPNWDYW;IGK:CHQYLSSRTF,IGH:TGTACAAGAGATGCCCCTAACTGGGATTACTGG;IGK:TGTCATCAATACCTCTCCTCGCGCACGTTC
clonotype297,1,0.0007183908045977011,IGH:CARDNLGFDYF;IGK:CWQSTHSPWTF,IGH:TGTGCAAGAGATAACCTGGGCTTTGACTACTTT;IGK:TGCTGGCAAAGTACACATTCTCCGTGGACGTTC
clonotype298,1,0.0007183908045977011,IGH:CARDYLGFGYW;IGK:CKQSYNLFTF,IGH:TGTGCAAGAGATTACCTGGGCTTTGGCTACTGG;IGK:TGCAAGCAATCTTATAATCTGTTCACGTTC
clonotype299,1,0.0007183908045977011,IGH:CTRDAPNWDYW;IGK:CWHSTHFPWTF,IGH:TGTACAAGAGATGCCCCTAACTGGGATTACTGG;IGK:TGCTGGCACAGTACACATTTTCCGTGGACGTTC
clonotype300,1,0.0007183908045977011,IGH:CTRDAPFWDYW;IGK:CFQSNYFPYTF,IGH:TGTACCAGAGATGCCCCTTTCTGGGATTACTGG;IGK:TGCTTCCAGAGTAACTATTTTCCGTACACGTTC
clonotype301,1,0.0007183908045977011,IGH:CARDNLGFDYW;IGK:CHQYLSSRTF,IGH:TGTGCAAGAGATAACCTGGGCTTTGACTACTGG;IGK:TGTCATCAATACCTCTCCTCGCGCACGTTC
clonotype302,1,0.0007183908045977011,IGH:CVRERYFGYFDYW;IGK:CWQSTHFPWTS,IGH:TGTGTAAGAGAGAGGTACTTCGGCTACTTTGACTACTGG;IGK:TGCTGGCAAAGTACACATTTTCCGTGGACGTCC
clonotype303,1,0.0007183908045977011,IGH:CVRERYYGYFDYW;IGK:CQHTRELPLTF,IGH:TGTGTAAGAGAGAGGTACTACGGCTACTTTGACTACTGG;IGK:TGTCAGCACACTAGGGAGCTTCCACTCACGTTC
clonotype304,1,0.0007183908045977011,IGH:CARSRLPAWFAYW;IGK:CHLYLSSRTF,IGH:TGTGCAAGATCACGGCTTCCCGCCTGGTTTGCTTACTGG;IGK:TGTCATCTATACCTCTCCTCGCGCACGTTC
clonotype305,1,0.0007183908045977011,IGH:CARSRLPAWFAYW;IGK:CHQYLSSRSF,IGH:TGTGCAAGATCACGGCTACCCGCCTGGTTTGCTTACTGG;IGK:TGTCATCAATACCTCTCCTCGCGCTCTTTC
clonotype306,1,0.0007183908045977011,IGH:CNALYGSGYFDVW;IGK:CHLYLSSRTF,IGH:TGTAATGCCCTCTACGGGAGCGGTTACTTCGACGTCTGG;IGK:TGTCATCTATACCTCTCCTCGCGCACGTTC
clonotype307,1,0.0007183908045977011,IGH:CTTHYYGSSNW;IGK:CQQYYSYPTF,IGH:TGTACAACCCATTACTACGGTAGTAGCAACTGG;IGK:TGTCAGCAATATTATAGCTATCCAACGTTC
clonotype308,1,0.0007183908045977011,IGH:CTTHYYGSGNW;IGK:CWQSTHFPWTF,IGH:TGTACAACCCATTACTACGGTAGTGGCAACTGG;IGK:TGTTGGCAAAGTACACATTTTCCGTGGACGTTC
clonotype309,1,0.0007183908045977011,IGH:CARPDGNPYAMDYW;IGK:CFQSNFFPYTF,IGH:TGTGCAAGACCGGATGGTAACCCCTATGCTATGGACTACTGG;IGK:TGCTTCCAGAGTAACTTTTTTCCGTACACGTTC
clonotype310,1,0.0007183908045977011,IGH:CARPDGIPYAMDYW;IGK:CFQSNYFPYTF,IGH:TGTGCAAGACCGGATGGTATCCCCTATGCTATGGACTACTGG;IGK:TGCTTCCAGAGTAACTATTTTCCGTACACGTTC
clonotype311,1,0.0007183908045977011,IGH:CAKPLGDGYDLDFW;IGK:CLQVTHVPFTF,IGH:TGTGCCAAACCTTTGGGGGATGGTTACGACCTTGACTTCTGG;IGK:TGCCTCCAAGTTACACATGTCCCATTCACGTTC
clonotype312,1,0.0007183908045977011,IGH:CAKHLGDGYYLDYW;IGK:CKQSYNLFTF,IGH:TGTGCCAAACATTTGGGGGATGGTTACTACCTTGACTACTGG;IGK:TGCAAGCAATCTTATAATCTGTTCACGTTC
clonotype313,1,0.0007183908045977011,IGH:CARNYGSSLFAYW;IGK:CWQGTHFPWTF,IGH:TGTGCAAGAAACTACGGTAGTAGCTTGTTTGCTTACTGG;IGK:TGCTGGCAAGGTACACATTTTCCGTGGACGTTC
clonotype314,1,0.0007183908045977011,IGH:CARNWESYWYFDVW,IGH:TGTGCAAGAAACTGGGAAAGCTACTGGTACTTCGATGTCTGG
clonotype315,1,0.0007183908045977011,IGH:CARSGHGNYDFAYW,IGH:TGTGCAAGATCTGGGCATGGTAACTACGATTTTGCTTACTGG
clonotype316,1,0.0007183908045977011,IGH:CMRYDGYYWYFDVW,IGH:TGTATGAGATATGATGGTTACTACTGGTACTTCGATGTCTGG
clonotype317,1,0.0007183908045977011,IGH:CMRYDGYYWYFDVW,IGH:TGTATGAGATATGATGGTTACTACTGGTACTTCGATGTCTGG
clonotype318,1,0.0007183908045977011,IGH:CMRYDGYYWYFDVW,IGH:TGTATGAGATATGATGGTTACTACTGGTACTTCGATGTCTGG
clonotype319,1,0.0007183908045977011,IGH:CMRYDGYYWYFDVW,IGH:TGTATGAGATATGATGGTTACTACTGGTACTTCGATGTCTGG
clonotype320,1,0.0007183908045977011,IGH:CMRYDGYYWYFDVW,IGH:TGTATGAGATATGATGGTTACTACTGGTACTTCGATGTCTGG
clonotype321,1,0.0007183908045977011,IGH:CMRYDGYYWYFDVW,IGH:TGTATGAGATATGATGGTTACTACTGGTACTTCGATGTCTGG
clonotype322,1,0.0007183908045977011,IGH:CARGSIYYGFGEYW;IGK:CQQFLSIPYTF,IGH:TGTGCAAGAGGGAGTATCTACTATGGTTTCGGGGAGTACTGG;IGK:TGTCAACAATTTTTGAGTATTCCGTACACGTTC
clonotype323,1,0.0007183908045977011,IGH:CARNWESYWYFDVW;IGK:CQNVLSTPWTF,IGH:TGTGCAAGAAACTGGGAAAGCTACTGGTACTTCGATGTCTGG;IGK:TGTCAAAATGTGTTAAGTACCCCATGGACGTTC
clonotype324,1,0.0007183908045977011,IGH:CARTTVLTSGFDYW;IGK:CQQFSSIPYTF,IGH:TGTGCGAGAACTACGGTGCTAACTTCGGGCTTTGACTACTGG;IGK:TGTCAACAATTTTCGAGTATTCCGTACACGTTC
clonotype325,1,0.0007183908045977011,IGH:CARTTVLTMGFDDW;IGK:CLQFTHVPFTL,IGH:TGTGCGAGAACTACGGTGCTAACTATGGGCTTTGACGACTGG;IGK:TGCCTCCAATTTACACATGTGCCTTTCACGTTG
clonotype326,1,0.0007183908045977011,IGH:CARGLFGLGPFDYC;IGK:CQQFLSIPYTF,IGH:TGTGCAAGAGGACTCTTCGGTCTTGGCCCCTTTGACTACTGC;IGK:TGTCAACAATTTTTGAGTATTCCGTACACGTTC
clonotype327,1,0.0007183908045977011,IGH:CLRYDGYYGYFDVW;IGK:CQNVLSTPWTF,IGH:TGTCTGAGATATGATGGTTACTACGGGTACTTCGATGTCTGG;IGK:TGTCAAAATGTGTTAAGTACTCCGTGGACGTTC
clonotype328,1,0.0007183908045977011,IGH:CARGLYGSGPFDYW;IGK:CQQYNIYPYTF,IGH:TGTGCAAGAGGACTCTACGGTAGTGGCCCCTTTGACTACTGG;IGK:TGTCAGCAATATAACATCTATCCGTACACGTTC
clonotype329,1,0.0007183908045977011,IGH:CAISVHGNYYFAYW;IGK:CQHSWEIPPTF,IGH:TGTGCAATATCTGTGCATGGTAACTACTATTTTGCTTACTGG;IGK:TGTCAGCACAGTTGGGAGATTCCCCCCACGTTC
clonotype330,1,0.0007183908045977011,IGH:CARSGHGNYDFAYW;IGK:CQNVLSTPWSF,IGH:TGTGCAAGATCTGGGCATGGTAACTACGATTTTGCTTACTGG;IGK:TGTCAAAATGTGTTAAGTACTCCGTGGTCGTTC
clonotype331,1,0.0007183908045977011,IGH:CALSSMITRGFAYC;IGK:CQQFLSIPYTF,IGH:TGTGCACTATCTAGTATGATTACTAGGGGTTTTGCGTACTGT;IGK:TGTCAACAATTTTTGAGTATTCCGTACACGTTC
clonotype332,1,0.0007183908045977011,IGH:CARGYGNYYAMDFW;IGL:CALWYSTHYVF,IGH:TGTGCTAGAGGCTATGGTAACTACTATGCTATGGACTTCTGG;IGL:TGTGCTCTATGGTACAGCACCCATTATGTTTTC
clonotype333,1,0.0007183908045977011,IGH:CARHWESYLYFDVW;IGL:CALWYSTHYVF,IGH:TGTGCAAGACACTGGGAAAGCTACTTGTACTTCGATGTCTGG;IGL:TGTGCTCTATGGTACAGCACCCATTATGTTTTC
clonotype334,1,0.0007183908045977011,IGH:CARGLYGSGPFAYW;IGL:CALWYSTHYVF,IGH:TGTGCAAGAGGACTCTACGGTAGTGGCCCCTTTGCCTACTGG;IGL:TGTGCTCTATGGTACAGCACCCATTATGTTTTC
clonotype335,1,0.0007183908045977011,IGH:CARGLYGNGPFDYW;IGK:CQQFTSSPYTF,IGH:TGTGCAAGAGGACTCTACGGTAATGGCCCCTTTGACTACTGG;IGK:TGCCAGCAGTTTACTAGTTCCCCGTACACGTTC
clonotype336,1,0.0007183908045977011,IGH:CALSTMITTGFAYW;IGK:CQQWSSNPFTF,IGH:TGTGCTCTATCTACTATGATTACGACGGGGTTTGCTTACTGG;IGK:TGCCAGCAGTGGAGTAGTAACCCATTCACGTTC
clonotype337,1,0.0007183908045977011,IGH:CARGLYGSGPFDYW;IGL:CALWYSNHWVF,IGH:TGTGCAAGAGGACTCTACGGTAGTGGCCCCTTTGACTACTGG;IGL:TGTGCTCTATGGTACAGCAACCATTGGGTGTTC
clonotype338,1,0.0007183908045977011,IGH:CMRYDGYYWYFDVW;IGK:CQQWSSHPCTF,IGH:TGTATGAGATATGATGGTTACTACTGGTACTTCGATGTCTGG;IGK:TGCCAGCAGTGGAGTAGTCACCCCTGCACGTTC
clonotype339,1,0.0007183908045977011,IGH:CRRYDGFDWHFDVC;IGL:CALWYSTQYVF,IGH:TGTAGGAGATATGATGGTTTCGACTGGCACTTCGATGTCTGT;IGL:TGTGCTCTATGGTACAGCACCCAGTATGTTTTC
clonotype340,1,0.0007183908045977011,IGH:CMRYVGYYWYFDVL;IGL:CAIWYSNNWVF,IGH:TGTATGAGATATGTTGGTTACTACTGGTACTTCGATGTGTTG;IGL:TGTGCTATATGGTACAGCAACAATTGGGTGTTC
clonotype341,1,0.0007183908045977011,IGH:CMRYDGYYWYFDVW;IGL:CALWYSTHYVF,IGH:TGTATGAGATATGATGGTTACTACTGGTACTTCGATGTATGG;IGL:TGTGCTCTATGGTACAGCACCCATTATGTTTTC
clonotype342,1,0.0007183908045977011,IGH:CARGLYGSGPFDYW;IGL:CALWYSNHWVF,IGH:TGTGCAAGAGGACTCTACGGTAGTGGCCCCTTTGACTACTGG;IGL:TGTGCTCTATGGTACAGCAACCATTGGGTGTTC
clonotype343,1,0.0007183908045977011,IGH:CALSTMITTGFAYW;IGL:CALWYSTHYVF,IGH:TGTGCCCTATCTACTATGATTACTACGGGGTTTGCTTACTGG;IGL:TGTGCTCTATGGTACAGCACCCATTATGTGTTC
clonotype344,1,0.0007183908045977011,IGH:CALSTRITTGFAYW;IGK:CQQWSSHPFKF,IGH:TGTGCCCTATCTACTAGGATTACGACGGGGTTTGCTTACTGG;IGK:TGCCAGCAGTGGAGTAGTCACCCATTCAAGTTC
clonotype345,1,0.0007183908045977011,IGH:CALSSMITSGFAYW;IGL:CALWYSNQWVF,IGH:TGTGCCCTATCTTCTATGATTACGTCGGGGTTTGCTTACTGG;IGL:TGTGCTCTATGGTACAGCAACCAGTGGGTGTTC
clonotype346,1,0.0007183908045977011,IGH:CMRYDGYYWYFDVW;IGK:CLQYDEFPLTF,IGH:TGTATGAGATATGATGGTTACTACTGGTACTTCGATGTCTGG;IGK:TGTCTACAGTATGATGAGTTTCCGCTCACGTTC
clonotype347,1,0.0007183908045977011,IGH:CMRYDGYYWYFDVW;IGK:CLLHGDSPLTF,IGH:TGTATGAGATATGATGGTTACTACTGGTACTTCGATGTCTGG;IGK:TGTCTACTGCATGGTGATAGCCCGCTAACGTTC
clonotype348,1,0.0007183908045977011,IGH:CARGLYGSGPFGYW;IGK:CQHSRELPFTF,IGH:TGTGCAAGAGGACTCTACGGTAGTGGCCCCTTTGGCTACTGG;IGK:TGTCAGCACAGTAGGGAGCTTCCATTCACGTTC
clonotype349,1,0.0007183908045977011,IGH:CARGLYGSGPLDYW;IGK:CSQSTHVPFPF,IGH:TGTGCAAGAGGACTCTACGGTAGTGGCCCCCTTGACTACTGG;IGK:TGCTCTCAAAGTACACATGTTCCATTCCCTTTT
clonotype350,1,0.0007183908045977011,IGH:CARYWESYWYFDVW;IGK:CQHSRELPFTF,IGH:TGTGCAAGATACTGGGAAAGCTACTGGTACTTCGATGTCTGG;IGK:TGTCAGCACAGTAGGGAGCTTCCATTCACGTTC
clonotype351,1,0.0007183908045977011,IGH:CARTTVLTKGFDYW;IGK:CSQSTHVPPSF,IGH:TGTGCGAGAACTACGGTGCTAACTAAGGGCTTTGACTACTGG;IGK:TGTTCTCAAAGTACACATGTTCCGCCATCTTTC
clonotype352,1,0.0007183908045977011,IGH:CARSNYGSPWFAYW;IGK:CFQCSPVPYTL,IGH:TGTGCAAGATCCAACTACGGTAGTCCCTGGTTTGCTTACTGG;IGK:TGCTTTCAATGTTCACCTGTTCCGTACACGTTA
clonotype353,1,0.0007183908045977011,IGH:CALSSMITSGFDYW;IGK:CMQHLEYPFTF,IGH:TGTGCCCTATCTTCTATGATTACTTCGGGTTTTGATTACTGG;IGK:TGTATGCAACATCTAGAATATCCCTTCACGTTC
clonotype354,1,0.0007183908045977011,IGH:CAGGLYGSGPFDYW;IGK:CQHSMELKFTF,IGH:TGTGCAGGAGGACTCTACGGTAGTGGCCCCTTTGACTACTGG;IGK:TGTCAGCACAGTATGGAGCTTAAATTCACGTTC
clonotype355,1,0.0007183908045977011,IGH:CTRSGHGNYDFAYW;IGK:CSQITHVPTF,IGH:TGTACAAGATCTGGGCATGGTAACTACGATTTTGCTTACTGG;IGK:TGCTCTCAAATTACACATGTTCCCACGTTC
clonotype356,1,0.0007183908045977011,IGH:CSRSGHGNYDFAYW;IGK:CQHSRELPFSF,IGH:TGTTCACGATCTGGGCATGGTAACTACGATTTTGCGTACTGG;IGK:TGTCAGCACAGTAGGGAGCTTCCATTCTCGTTC
clonotype357,1,0.0007183908045977011,IGH:CALSTMITTGFAYW;IGK:CLQSRELQFTF,IGH:TGTGCCCTATCTACTATGATTACGACGGGGTTTGCTTACTGG;IGK:TGTCTGCAGAGTAGGGAGCTTCAATTCACGTTC
clonotype358,1,0.0007183908045977011,IGH:CARSGLVNYDFAYW;IGK:CHQYLSSRTF,IGH:TGTGCAAGATCTGGGCTTGTTAACTACGATTTTGCTTACTGG;IGK:TGTCATCAATACCTCTCCTCGCGCACGTTC
clonotype359,1,0.0007183908045977011,IGH:CASSGLGKYDFAYW;IGK:CWQTTHFPWTF,IGH:TGTGCAAGCTCGGGGCTTGGTAAATACGATTTTGCTTACTGG;IGK:TGCTGGCAAACTACACATTTTCCGTGGACGTTC
clonotype360,1,0.0007183908045977011,IGH:CVRTTVLSTGFDYW;IGK:CMQHLEYPLTF,IGH:TGTGTTAGAACTACGGTGCTAAGTACGGGATTTGACTACTGG;IGK:TGTATGCAACATCTAGAATATCCGCTCACGTTC
clonotype361,1,0.0007183908045977011,IGH:CARTTVLTTGFDYC;IGK:CWQSTHFPWKL,IGH:TGTGCGAGAACTACGGTGCTAACTACGGGCTTTGACTACTGT;IGK:TGCTGGCAAAGTACACATTTTCCGTGGAAGTTA
clonotype362,1,0.0007183908045977011,IGH:CALSTMITTGFAYW;IGK:CLQVTHVPVTF,IGH:TGTGCCCTATCTACTATGATTACTACGGGGTTTGCTTACTGG;IGK:TGCCTCCAAGTTACACATGTCCCAGTCACGTTC
clonotype363,1,0.0007183908045977011,IGH:CARGLCGSGPFDYW;IGK:CWQTIHFPWTF,IGH:TGTGCAAGAGGACTCTGCGGTAGTGGCCCCTTTGACTACTGG;IGK:TGCTGGCAAACTATACATTTTCCGTGGACGTTC
clonotype364,1,0.0007183908045977011,IGH:CARGGYYGNFEAYW;IGK:CKQSYNLFKF,IGH:TGTGCAAGAGGGGGTTACTATGGTAACTTCGAGGCTTACTGG;IGK:TGCAAGCAATCTTATAATCTGTTCAAGTTC
clonotype365,1,0.0007183908045977011,IGH:CMRYDGYYWYFDVW;IGK:CWHSTHFPWTF,IGH:TGTATGAGATATGATGGTTACTACTGGTACTTCGATGTATGG;IGK:TGCTGGCACAGTACACATTTTCCGTGGACGTTC
clonotype366,1,0.0007183908045977011,IGH:CMRYDVYYLYFDVW;IGK:CHQSLYSRTF,IGH:TGTATGAGATATGATGTTTACTACTTGTACTTCGATGTCTGG;IGK:TGTCATCAATCCCTCTACTCGCGTACGTTC
clonotype367,1,0.0007183908045977011,IGH:CALSTMITTGFAYW;IGK:CKQSYNLFTF,IGH:TGTGCCCTATCTACTATGATTACGACGGGGTTTGCTTACTGG;IGK:TGCAAGCAATCTTATAACCTGTTCACGTTC
clonotype368,1,0.0007183908045977011,IGH:CALSTMIRKGFAYW;IGK:CMQHLEYPFTF,IGH:TGTGCCCTATCTACTATGATTAGGAAGGGTTTTGCTTACTGG;IGK:TGTATGCAACATCTAGAATATCCTTTCACGTTC
clonotype369,1,0.0007183908045977011,IGH:CARSGHGKYDFAYW;IGK:CMQHLEYPLTF,IGH:TGTGCAAGATCTGGGCATGGTAAATACGATTTTGCTTACTGG;IGK:TGTATGCAACATCTAGAATATCCGCTCACGTTC
clonotype370,1,0.0007183908045977011,IGH:CARGLYGFGPFYYRGLVTTLTF;IGK:CWQSTHVPWKF,IGH:TGTGCAAGAGGACTCTACGGTTTTGGCCCCTTTTACTACAGGGGCCTAGTCACCACTCTCACATTC;IGK:TGCTGGCAAAGTACACATGTTCCGTGGAAGTTC
clonotype371,1,0.0007183908045977011,IGH:CSRCEYDVEYFDYW;IGK:CWQSTHSPWTF,IGH:TGTTCAAGATGCGAGTACGACGTAGAGTACTTTGACTACTGG;IGK:TGCTGGCAAAGTACACATTCTCCGTGGACGTTC
clonotype372,1,0.0007183908045977011,IGH:CARGLDGSGPFDYW;IGK:CWQCTHFPWTF,IGH:TGTGCAAGAGGACTCGACGGTAGTGGCCCCTTTGACTACTGG;IGK:TGCTGGCAATGTACACATTTTCCGTGGACGTTC
clonotype373,1,0.0007183908045977011,IGH:CARSGHGNYDFAYW;IGK:CQQFTNYTFTF,IGH:TGTGCAAGATCTGGGCATGGTAACTACGATTTTGCTTACTGG;IGK:TGTCAGCAATTTACCAACTATACTTTCACGTTC
clonotype374,1,0.0007183908045977011,IGH:CARTTVLTKGFDYW;IGK:CQQHYSTPFPF,IGH:TGTGCGAGAACTACGGTGCTAACTAAGGGCTTTGACTACTGG;IGK:TGTCAGCAACATTATAGCACTCCATTCCCGTTC
clonotype375,1,0.0007183908045977011,IGH:CMRYDGYYWYFDVW;IGK:CLQHGESPLTF,IGH:TGTATGAGATATGATGGTTACTACTGGTACTTCGATGTCTGG;IGK:TGTCTACAGCATGGTGAGAGCCCGCTCACGTTC
clonotype376,1,0.0007183908045977011,IGH:CMRYDGFYWYFDVW;IGK:CQQYNIYPYRF,IGH:TGTATGAGATATGATGGTTTCTACTGGTACTTCGATGTCTGG;IGK:TGTCAGCAATATAACATCTATCCGTACAGGTTC
clonotype377,1,0.0007183908045977011,IGH:CAKRVDSSGYGWFAYW;IGL:CALWYSNHLVF,IGH:TGTGCCAAAAGGGTAGACAGCTCGGGCTACGGCTGGTTTGCTTACTGG;IGL:TGTGCTCTATGGTACAGCAACCATTTGGTTTTC
clonotype378,1,0.0007183908045977011,IGH:CARRAFRYYAMDYW;IGK:CLQGTHQPRTF;IGK:CSQSTHVPYTF,IGH:TGTGCTCGAAGAGCGTTTCGTTACTATGCTATGGACTACTGG;IGK:TGCTTACAAGGTACACATCAGCCTCGGACGTTC;IGK:TGCTCTCAAAGTACACATGTTCCGTACACGTTC
clonotype379,1,0.0007183908045977011,IGH:CARIEGPTGSWFAYW,IGH:TGTGCTCGAATAGAAGGGCCTACTGGGTCCTGGTTTGCTTACTGG
clonotype380,1,0.0007183908045977011,IGH:CASYYSGSSYDAMDYW;IGL:CALWYSYLWVF,IGH:TGTGCAAGCTATTACTCCGGTAGTAGCTACGATGCTATGGACTACTGG;IGL:TGTGCTCTATGGTACAGCTACCTTTGGGTGTTC
clonotype381,1,0.0007183908045977011,IGH:CASDYSGSSYDAMDYW;IGK:CQQWSSHPFTI,IGH:TGTGCAAGCGATTACTCCGGTAGTAGCTACGATGCTATGGACTACTGG;IGK:TGCCAGCAGTGGAGTAGTCACCCATTCACGATC
clonotype382,1,0.0007183908045977011,IGH:CARIEGPTGSWFAYW;IGL:CAIWYSTHYVF,IGH:TGTGCTCGAATAGAAGGGCCTACTGGGTCCTGGTTTGCTTACTGG;IGL:TGTGCTATATGGTACAGCACCCATTATGTTTTC
clonotype383,1,0.0007183908045977011,IGH:CARIEGPTGSWFAYW;IGL:CALLYSSHFVI,IGH:TGTGCTCGAATAGAAGGGCCTACTGGGTCCTGGTTTGCTTACTGG;IGL:TGTGCTCTATTGTACAGCTCCCATTTTGTTATC
clonotype384,1,0.0007183908045977011,IGH:CASFYYGSSYCAMDYW;IGK:CWQSTHSPWTF,IGH:TGTGCAAGCTTTTACTACGGTAGTAGCTACTGTGCTATGGACTACTGG;IGK:TGCTGGCAAAGTACACATTCTCCGTGGACGTTC
clonotype385,1,0.0007183908045977011,IGH:CARIVGPSGSWFDYW;IGK:CFQSNYFPYTF,IGH:TGTGCTCGAATAGTAGGGCCTTCTGGGTCCTGGTTTGATTACTGG;IGK:TGCTTCCAGAGTAACTATTTTCCGTACACGTTC
clonotype386,1,0.0007183908045977011,IGH:CARDGNWDVGGYYFDYW,IGH:TGTGCAAGAGATGGGAACTGGGACGTGGGGGGGTACTACTTTGACTACTGG
clonotype387,1,0.0007183908045977011,IGH:CAREGGLYGNYGGFAYW,IGH:TGTGCAAGAGAGGGAGGCCTCTATGGTAACTACGGCGGGTTTGCTTACTGG
clonotype388,1,0.0007183908045977011,IGH:CGRDGNWDVGGDYFDYW;IGK:CQQWSSHPFTF,IGH:TGTGGAAGAGATGGGAACTGGGACGTGGGGGGGGACTACTTTGACTACTGG;IGK:TGCCAGCAGTGGAGTAGTCACCCATTCACGTTC
clonotype389,1,0.0007183908045977011,IGH:CARDGNWDVGGYYFDDW;IGK:CQQCSRYPPRKF,IGH:TGTGCAAGAGATGGGAACTGGGACGTGGGGGGGTACTACTTTGACGACTGG;IGK:TGCCAGCAGTGTAGTAGATACCCACCCAGGAAGTTC
clonotype390,1,0.0007183908045977011,IGH:CARDGNWDVGGYYGYEC;IGK:CQQWSSNPPRTF,IGH:TGTGCACGAGATGGGAACTGGGACGTGGGTGGTTACTACGGTTACGAGTGC;IGK:TGCCAGCAGTGGAGTAGTAACCCACCCAGGACGTTC
clonotype391,1,0.0007183908045977011,IGH:CARDRGYYGNYEGAYW,IGH:TGTGCAAGAGATCGGGGCTACTATGGTAACTACGAAGGTGCTTACTGG
clonotype392,1,0.0007183908045977011,IGH:CARDRGYYGNYEGAYW,IGH:TGTGCAAGAGATCGGGGCTACTATGGTAACTACGAAGGTGCTTACTGG
clonotype393,1,0.0007183908045977011,IGH:CARDRGYYGNYEGAYW,IGH:TGTGCAAGAGATCGGGGCTACTATGGTAACTACGAAGGTGCTTACTGG
clonotype394,1,0.0007183908045977011,IGH:CARDRGYYGNYEGAYW,IGH:TGTGCAAGAGATCGGGGCTACTATGGTAACTACGAAGGTGCTTACTGG
clonotype395,1,0.0007183908045977011,IGH:CARDRGYYGNYEGAYW,IGH:TGTGCAAGAGATCGGGGCTACTATGGTAACTACGAAGGTGCTTACTGG
clonotype396,1,0.0007183908045977011,IGH:CARDRGYYGNYEGAYW,IGH:TGTGCAAGAGATCGGGGCTACTATGGTAACTACGAAGGTGCTTACTGG
clonotype397,1,0.0007183908045977011,IGH:CARDRGYYGNYEGAYW,IGH:TGTGCAAGAGATCGGGGCTACTATGGTAACTACGAAGGTGCTTACTGG
clonotype398,1,0.0007183908045977011,IGH:CARDRGYYGNYEGAYW,IGH:TGTGCAAGAGATCGGGGCTACTATGGTAACTACGAAGGTGCTTACTGG
clonotype399,1,0.0007183908045977011,IGH:CARDRGYYGNYEGAYG;IGK:CHNVLSTPWTF,IGH:TGTGCAAGAGATCGGGGCTACTATGGTAACTACGAAGGTGCTTACGGG;IGK:TGTCACAATGTGTTAAGTACTCCGTGGACGTTC
clonotype400,1,0.0007183908045977011,IGH:CARDRGYYGTYEGVFW;IGK:CQQFLSIPYTF,IGH:TGTGCAAGAGATCGGGGCTACTATGGTACCTACGAAGGTGTTTTTTGG;IGK:TGTCAACAATTTTTGAGTATTCCGTACACGTTC
clonotype401,1,0.0007183908045977011,IGH:CARDRGYYGNDEGAYW;IGL:CALWYSNHWVF,IGH:TGTGCAAGAGATCGGGGCTACTATGGTAACGACGAAGGCGCTTACTGG;IGL:TGTGCTCTATGGTACAGCAACCATTGGGTGTTC
clonotype402,1,0.0007183908045977011,IGH:CARDRGYSGTYEGVYW;IGL:CALWYSNHWVF,IGH:TGTGCAAGAGATCGGGGCTACTCTGGTACCTACGAGGGTGTTTATTGG;IGL:TGTGCTCTATGGTACAGCAACCATTGGGTGTTC
clonotype403,1,0.0007183908045977011,IGH:CARDRGYYGNYEGAYW;IGK:CQQWSSHPFTF,IGH:TGTGCAAGAGATCGGGGCTACTATGGTAACTACGAGGGTGCTTACTGG;IGK:TGCCAGCAGTGGAGTAGTCACCCATTCACGTTC
clonotype404,1,0.0007183908045977011,IGH:CARGYYRYDVRDYYAMEYL;IGL:CALWYSNHLVF,IGH:TGTGCCAGAGGCTACTATAGGTACGACGTTAGGGATTACTATGCTATGGAATACTTG;IGL:TGTGCTCTATGGTACAGCAACCATTTGGTGTTC
clonotype405,1,0.0007183908045977011,IGH:CARDRGYSGIYEGASW;IGL:CALWYSNHFWVF,IGH:TGTGCAAGAGATCGGGGCTACTCTGGTATCTACGAAGGTGCTTCCTGG;IGL:TGTGCTCTATGGTACAGCAACCATTTCTGGGTGTTC
clonotype406,1,0.0007183908045977011,IGH:CARDRGYYGNYEGAYR;IGK:CWQSTHFPWTF,IGH:TGTGCAAGAGATCGGGGCTACTATGGTAACTACGAAGGTGCTTACCGG;IGK:TGCTGGCAAAGTACACATTTTCCGTGGACGTTC
clonotype407,1,0.0007183908045977011,IGH:CARDRGYYGNYEGAYW;IGK:CFQGSHVPYTF,IGH:TGTGCAAGAGATCGGGGCTACTATGGCAACTACGAAGGTGCTTACTGG;IGK:TGCTTTCAAGGTTCACATGTTCCGTACACGTTC
clonotype408,1,0.0007183908045977011,IGH:CARGYYRYDVRDYYAMDYC;IGK:CWQSKHFPCTF,IGH:TGTGCCAGAGGCTACTATAGGTACGACGTTAGGGATTACTATGCTATGGACTACTGT;IGK:TGCTGGCAAAGTAAACATTTTCCGTGTACGTTC
clonotype409,1,0.0007183908045977011,IGH:CARGYYRYDVRDYYAIDLW;IGK:CSQSTHVLPTF,IGH:TGTGCCAGAGGCTACTATAGGTACGACGTTAGGGATTACTATGCTATTGACTTATGG;IGK:TGCTCTCAAAGTACACATGTTCTTCCCACGTTC
clonotype410,1,0.0007183908045977011,IGH:CASGYYRYDVRDYYAMDYW;IGK:CWQTTHFQLTF,IGH:TGTGCCAGTGGCTACTATAGGTACGACGTTAGGGATTACTATGCTATGGACTACTGG;IGK:TGCTGGCAAACTACACATTTTCAGTTGACGTTC
clonotype411,1,0.0007183908045977011,IGH:CARDRGYYGTYEGDYW;IGK:CQQYNIYPYTF,IGH:TGTGCAAGAGATCGGGGCTACTATGGTACCTACGAAGGTGATTATTGG;IGK:TGTCAGCAATATAACATCTATCCTTACACGTTC
clonotype412,1,0.0007183908045977011,IGH:CARERGDYRTYDGVYW;IGK:CQQYTNYPFTF,IGH:TGTGCACGAGAACGGGGCGACTATCGTACCTACGACGGTGTTTATTGG;IGK:TGTCAGCAATATACCAACTATCCATTCACGTTC
clonotype413,1,0.0007183908045977011,IGH:CARDINYGSSYWYFDVW;IGK:CLQLVVSPLSF,IGH:TGTGCAAGAGATATAAACTACGGTAGTAGCTACTGGTACTTCGATGTCTGG;IGK:TGTCTTCAGCTTGTTGTGAGCCCGCTCTCTTTC
clonotype414,1,0.0007183908045977011,IGH:CARDIDYGSRYWYFDVW;IGK:CRQYASSPWTF,IGH:TGTGCAAGAGATATAGACTACGGTAGTAGATACTGGTACTTCGATGTCTGG;IGK:TGTCGACAATATGCTAGTTCTCCGTGGACGTTC
clonotype415,1,0.0007183908045977011,IGH:CERDINYGSSYGYFDVW;IGK:CQQWSSYPLTF,IGH:TGTGAAAGAGATATAAACTACGGTAGTAGCTACGGGTACTTCGATGTCTGG;IGK:TGTCAACAGTGGAGTAGTTACCCACTCACGTTC
clonotype416,1,0.0007183908045977011,IGH:CARDIHYGSSYWYFDVW;IGK:CQQWSSYPLTF,IGH:TGTGCAAGAGATATCCACTACGGTAGTAGCTACTGGTACTTCGATGTCTGG;IGK:TGTCAACAGTGGAGTAGTTACCCACTCACGTTC
clonotype417,1,0.0007183908045977011,IGH:CSRDLIYCSRYWYFDVW;IGK:CQQWSSYPLPF,IGH:TGTTCAAGAGATTTAATCTACTGTAGTAGATACTGGTACTTCGATGTCTGG;IGK:TGTCAACAGTGGAGTAGTTACCCACTCCCGTTC
clonotype418,1,0.0007183908045977011,IGH:CSRDINYGSSYWYFDVW;IGK:CQQSKEVPFTF,IGH:TGTTCAAGAGATATAAACTACGGTAGTAGCTACTGGTACTTCGATGTCTGG;IGK:TGTCAGCAAAGTAAGGAGGTTCCATTCACGTTC
clonotype419,1,0.0007183908045977011,IGH:CARDINYGSSYCYFDVW;IGK:CMQHLEYPFTF,IGH:TGTGCAAGAGATATAAACTACGGTAGTAGCTACTGTTACTTCGATGTCTGG;IGK:TGTATGCAACATCTAGAATATCCGTTCACGTTC
clonotype420,1,0.0007183908045977011,IGH:CARDINYGSSYWYFDVW;IGK:CWHSTHFPWKF,IGH:TGTGCAAGAGATATAAACTACGGTAGTAGCTACTGGTACTTCGATGTCTGG;IGK:TGCTGGCATAGTACACATTTTCCGTGGAAGTTC
clonotype421,1,0.0007183908045977011,IGH:CARDINYGSSCWYFDVW;IGK:CLKSTHFPWTF,IGH:TGTGCAAGAGATATAAACTACGGTAGTAGCTGCTGGTACTTCGATGTCTGG;IGK:TGCTTGAAAAGTACACATTTTCCGTGGACGTTC
